[31-Jan-2026 10:08:58 Europe/Berlin] Email_sender function called for email: Vishalvarma0987654321@gmail.com
[31-Jan-2026 10:08:58 Europe/Berlin] Uncaught Exception: Array to string conversion in C:\xampp\htdocs\work\project\Projects-php-mongo-\php\email_sender.php on line 29
[31-Jan-2026 10:12:44 Europe/Berlin] Email_sender function called for email: Vishalvarma0987654321@gmail.com
[31-Jan-2026 10:12:44 Europe/Berlin] Uncaught Exception: Array to string conversion in C:\xampp\htdocs\work\project\Projects-php-mongo-\php\email_sender.php on line 29
[31-Jan-2026 10:15:17 Europe/Berlin] Email_sender function called for email: Vishalvarma0987654321@gmail.com
[31-Jan-2026 10:15:17 Europe/Berlin] Uncaught Exception: Array to string conversion in C:\xampp\htdocs\work\project\Projects-php-mongo-\php\email_sender.php on line 29
[31-Jan-2026 10:16:37 Europe/Berlin] Email_sender function called for email: Vishalvarma0987654321@gmail.com
[31-Jan-2026 10:16:37 Europe/Berlin] Uncaught Exception: Array to string conversion in C:\xampp\htdocs\work\project\Projects-php-mongo-\php\email_sender.php on line 29
[31-Jan-2026 10:21:53 Europe/Berlin] Email_sender function called for email: Vishalvarma0987654321@gmail.com
[31-Jan-2026 10:21:58 Europe/Berlin] OTP email sent successfully to Vishalvarma0987654321@gmail.com with subject: Tutor Login OTP - Sunrise Yoga
[31-Jan-2026 10:23:54 Europe/Berlin] Email_sender function called for email: Vishalvarma0987654321@gmail.com
[31-Jan-2026 10:23:59 Europe/Berlin] OTP email sent successfully to Vishalvarma0987654321@gmail.com with subject: Tutor Login OTP - Sunrise Yoga
[31-Jan-2026 10:25:32 Europe/Berlin] Email_sender function called for email: Vishalvarma0987654321@gmail.com
[31-Jan-2026 10:25:36 Europe/Berlin] OTP email sent successfully to Vishalvarma0987654321@gmail.com with subject: Tutor Login OTP - Sunrise Yoga
[31-Jan-2026 10:36:20 Europe/Berlin] Email_sender function called for email: Vishalvarma0987654321@gmail.com
[31-Jan-2026 10:36:25 Europe/Berlin] OTP email sent successfully to Vishalvarma0987654321@gmail.com with subject: Tutor Login OTP - Sunrise Yoga
[31-Jan-2026 10:39:59 Europe/Berlin] Email_sender function called for email: Vishalvarma0987654321@gmail.com
[31-Jan-2026 10:40:11 Europe/Berlin] OTP email sent successfully to Vishalvarma0987654321@gmail.com with subject: Tutor Login OTP - Sunrise Yoga
[31-Jan-2026 10:40:42 Europe/Berlin] Email_sender function called for email: Vishalvarma0987654321@gmail.com
[31-Jan-2026 10:40:50 Europe/Berlin] OTP email sent successfully to Vishalvarma0987654321@gmail.com with subject: Tutor Login OTP - Sunrise Yoga
[31-Jan-2026 10:49:07 Europe/Berlin] Email_sender function called for email: Vishalvarma0987654321@gmail.com
[31-Jan-2026 10:49:13 Europe/Berlin] OTP email sent successfully to Vishalvarma0987654321@gmail.com with subject: Tutor Login OTP - Sunrise Yoga
[31-Jan-2026 10:49:48 Europe/Berlin] initUserSession - Setting session data: Array
(
    [user_id] => 2
    [username] => vishal varma
    [email] => Vishalvarma0987654321@gmail.com
    [role] => tutor
    [profile_picture] => 
    [login_time] => 1769852988
    [last_activity] => 1769852988
    [session_token] => caf46b693d8aa6706090a8c3fe38a06f9962b00ac9bd9f981f41e17b58d03817
    [is_authenticated] => 1
)

[31-Jan-2026 10:49:48 Europe/Berlin] initUserSession completed. Final session data: Array
(
    [user_id] => 2
    [username] => vishal varma
    [email] => Vishalvarma0987654321@gmail.com
    [role] => tutor
    [profile_picture] => 
    [login_time] => 1769852988
    [last_activity] => 1769852988
    [session_token] => caf46b693d8aa6706090a8c3fe38a06f9962b00ac9bd9f981f41e17b58d03817
    [is_authenticated] => 1
)

[31-Jan-2026 10:49:49 Europe/Berlin] isLoggedIn: User is authenticated - user_id: 2
[31-Jan-2026 10:49:49 Europe/Berlin] isLoggedIn: User is authenticated - user_id: 2
[31-Jan-2026 10:50:00 Europe/Berlin] isLoggedIn: User is authenticated - user_id: 2
[31-Jan-2026 10:50:00 Europe/Berlin] isLoggedIn: User is authenticated - user_id: 2
[31-Jan-2026 10:50:02 Europe/Berlin] isLoggedIn: User is authenticated - user_id: 2
[31-Jan-2026 10:50:02 Europe/Berlin] isLoggedIn: User is authenticated - user_id: 2
[31-Jan-2026 10:50:02 Europe/Berlin] isLoggedIn: User is authenticated - user_id: 2
[31-Jan-2026 10:50:02 Europe/Berlin] isLoggedIn: User is authenticated - user_id: 2
[31-Jan-2026 10:50:03 Europe/Berlin] isLoggedIn: User is authenticated - user_id: 2
[31-Jan-2026 10:50:03 Europe/Berlin] destroyUserSession: Session destroyed and new clean session started
[31-Jan-2026 10:50:24 Europe/Berlin] Email_sender function called for email: Vishalvarma0987654321@gmail.com
[31-Jan-2026 10:50:30 Europe/Berlin] OTP email sent successfully to Vishalvarma0987654321@gmail.com with subject: Tutor Login OTP - Sunrise Yoga
[31-Jan-2026 10:50:45 Europe/Berlin] initUserSession - Setting session data: Array
(
    [user_id] => 2
    [username] => vishal varma
    [email] => Vishalvarma0987654321@gmail.com
    [role] => tutor
    [profile_picture] => 
    [login_time] => 1769853045
    [last_activity] => 1769853045
    [session_token] => c4e49321d2a7c1267c4c588ca64a2e03fa9153f8c8d20c130aa853f60be2c96d
    [is_authenticated] => 1
)

[31-Jan-2026 10:50:45 Europe/Berlin] initUserSession completed. Final session data: Array
(
    [user_id] => 2
    [username] => vishal varma
    [email] => Vishalvarma0987654321@gmail.com
    [role] => tutor
    [profile_picture] => 
    [login_time] => 1769853045
    [last_activity] => 1769853045
    [session_token] => c4e49321d2a7c1267c4c588ca64a2e03fa9153f8c8d20c130aa853f60be2c96d
    [is_authenticated] => 1
)

[31-Jan-2026 10:50:45 Europe/Berlin] isLoggedIn: User is authenticated - user_id: 2
[31-Jan-2026 10:50:45 Europe/Berlin] isLoggedIn: User is authenticated - user_id: 2
[04-Feb-2026 09:35:03 Europe/Berlin] isLoggedIn: Missing required session variables
[04-Feb-2026 09:35:03 Europe/Berlin] isLoggedIn: Missing required session variables
[04-Feb-2026 09:35:03 Europe/Berlin] isLoggedIn: Missing required session variables
[04-Feb-2026 09:35:23 Europe/Berlin] Email_sender function called for email: Vishalvarma0987654321@gmail.com
[04-Feb-2026 09:35:29 Europe/Berlin] OTP email sent successfully to Vishalvarma0987654321@gmail.com with subject: Tutor Login OTP - Sunrise Yoga
[04-Feb-2026 09:35:44 Europe/Berlin] initUserSession - Setting session data: Array
(
    [user_id] => 2
    [username] => vishal varma
    [email] => Vishalvarma0987654321@gmail.com
    [role] => tutor
    [profile_picture] => 
    [login_time] => 1770194144
    [last_activity] => 1770194144
    [session_token] => 9497d017b9f62273e2a743af036c407182f316a9d9648c1b016282d65d63a211
    [is_authenticated] => 1
)

[04-Feb-2026 09:35:44 Europe/Berlin] initUserSession completed. Final session data: Array
(
    [user_id] => 2
    [username] => vishal varma
    [email] => Vishalvarma0987654321@gmail.com
    [role] => tutor
    [profile_picture] => 
    [login_time] => 1770194144
    [last_activity] => 1770194144
    [session_token] => 9497d017b9f62273e2a743af036c407182f316a9d9648c1b016282d65d63a211
    [is_authenticated] => 1
)

[04-Feb-2026 09:35:44 Europe/Berlin] isLoggedIn: User is authenticated - user_id: 2
[04-Feb-2026 09:35:44 Europe/Berlin] isLoggedIn: User is authenticated - user_id: 2
[04-Feb-2026 09:35:51 Europe/Berlin] isLoggedIn: User is authenticated - user_id: 2
[04-Feb-2026 09:35:51 Europe/Berlin] isLoggedIn: User is authenticated - user_id: 2
[04-Feb-2026 09:35:52 Europe/Berlin] isLoggedIn: User is authenticated - user_id: 2
[04-Feb-2026 09:35:53 Europe/Berlin] isLoggedIn: User is authenticated - user_id: 2
[04-Feb-2026 09:35:56 Europe/Berlin] isLoggedIn: User is authenticated - user_id: 2
[04-Feb-2026 09:35:56 Europe/Berlin] isLoggedIn: User is authenticated - user_id: 2
[04-Feb-2026 09:41:44 Europe/Berlin] isLoggedIn: User is authenticated - user_id: 2
[04-Feb-2026 09:41:44 Europe/Berlin] isLoggedIn: User is authenticated - user_id: 2
[04-Feb-2026 09:41:45 Europe/Berlin] isLoggedIn: User is authenticated - user_id: 2
[04-Feb-2026 09:41:45 Europe/Berlin] isLoggedIn: User is authenticated - user_id: 2
[04-Feb-2026 09:42:12 Europe/Berlin] Email_sender function called for email: Vishalvarma0987654321@gmail.com
[04-Feb-2026 09:42:17 Europe/Berlin] OTP email sent successfully to Vishalvarma0987654321@gmail.com with subject: Tutor Login OTP - Sunrise Yoga
[04-Feb-2026 09:42:26 Europe/Berlin] initUserSession - Setting session data: Array
(
    [user_id] => 2
    [username] => vishal varma
    [email] => Vishalvarma0987654321@gmail.com
    [role] => tutor
    [profile_picture] => 
    [login_time] => 1770194546
    [last_activity] => 1770194546
    [session_token] => 9d1228388205b57e90e2c86b67da57d4e12d3471128145c0f99e72593eaddd42
    [is_authenticated] => 1
)

[04-Feb-2026 09:42:26 Europe/Berlin] initUserSession completed. Final session data: Array
(
    [user_id] => 2
    [username] => vishal varma
    [email] => Vishalvarma0987654321@gmail.com
    [role] => tutor
    [profile_picture] => 
    [login_time] => 1770194546
    [last_activity] => 1770194546
    [session_token] => 9d1228388205b57e90e2c86b67da57d4e12d3471128145c0f99e72593eaddd42
    [is_authenticated] => 1
)

[04-Feb-2026 09:42:26 Europe/Berlin] isLoggedIn: User is authenticated - user_id: 2
[04-Feb-2026 09:42:26 Europe/Berlin] isLoggedIn: User is authenticated - user_id: 2
[04-Feb-2026 09:42:26 Europe/Berlin] isLoggedIn: User is authenticated - user_id: 2
[04-Feb-2026 09:42:26 Europe/Berlin] isLoggedIn: User is authenticated - user_id: 2
[04-Feb-2026 09:42:34 Europe/Berlin] isLoggedIn: User is authenticated - user_id: 2
[04-Feb-2026 09:42:34 Europe/Berlin] isLoggedIn: User is authenticated - user_id: 2
[04-Feb-2026 09:42:34 Europe/Berlin] isLoggedIn: User is authenticated - user_id: 2
[04-Feb-2026 09:42:34 Europe/Berlin] isLoggedIn: User is authenticated - user_id: 2
[04-Feb-2026 09:42:34 Europe/Berlin] isLoggedIn: User is authenticated - user_id: 2
[04-Feb-2026 09:42:36 Europe/Berlin] isLoggedIn: User is authenticated - user_id: 2
[04-Feb-2026 09:42:36 Europe/Berlin] isLoggedIn: User is authenticated - user_id: 2
[04-Feb-2026 09:42:36 Europe/Berlin] isLoggedIn: User is authenticated - user_id: 2
[04-Feb-2026 09:42:36 Europe/Berlin] isLoggedIn: User is authenticated - user_id: 2
[04-Feb-2026 09:42:36 Europe/Berlin] isLoggedIn: User is authenticated - user_id: 2
[04-Feb-2026 09:42:37 Europe/Berlin] isLoggedIn: User is authenticated - user_id: 2
[04-Feb-2026 09:42:37 Europe/Berlin] isLoggedIn: User is authenticated - user_id: 2
[04-Feb-2026 09:42:37 Europe/Berlin] isLoggedIn: User is authenticated - user_id: 2
[04-Feb-2026 09:42:37 Europe/Berlin] isLoggedIn: User is authenticated - user_id: 2
[04-Feb-2026 09:42:37 Europe/Berlin] isLoggedIn: User is authenticated - user_id: 2
[04-Feb-2026 09:42:37 Europe/Berlin] isLoggedIn: User is authenticated - user_id: 2
[04-Feb-2026 09:42:37 Europe/Berlin] isLoggedIn: User is authenticated - user_id: 2
[04-Feb-2026 09:42:37 Europe/Berlin] isLoggedIn: User is authenticated - user_id: 2
[04-Feb-2026 09:42:37 Europe/Berlin] isLoggedIn: User is authenticated - user_id: 2
[04-Feb-2026 09:42:37 Europe/Berlin] isLoggedIn: User is authenticated - user_id: 2
[04-Feb-2026 09:42:38 Europe/Berlin] isLoggedIn: User is authenticated - user_id: 2
[04-Feb-2026 09:42:38 Europe/Berlin] isLoggedIn: User is authenticated - user_id: 2
[04-Feb-2026 09:42:38 Europe/Berlin] isLoggedIn: User is authenticated - user_id: 2
[04-Feb-2026 09:42:38 Europe/Berlin] isLoggedIn: User is authenticated - user_id: 2
[04-Feb-2026 09:42:38 Europe/Berlin] isLoggedIn: User is authenticated - user_id: 2
[04-Feb-2026 09:42:38 Europe/Berlin] isLoggedIn: User is authenticated - user_id: 2
[04-Feb-2026 09:42:38 Europe/Berlin] isLoggedIn: User is authenticated - user_id: 2
[04-Feb-2026 09:42:38 Europe/Berlin] isLoggedIn: User is authenticated - user_id: 2
[04-Feb-2026 09:42:38 Europe/Berlin] isLoggedIn: User is authenticated - user_id: 2
[04-Feb-2026 09:42:38 Europe/Berlin] isLoggedIn: User is authenticated - user_id: 2
[04-Feb-2026 09:42:51 Europe/Berlin] isLoggedIn: User is authenticated - user_id: 2
[04-Feb-2026 09:42:51 Europe/Berlin] isLoggedIn: User is authenticated - user_id: 2
[04-Feb-2026 09:42:51 Europe/Berlin] isLoggedIn: User is authenticated - user_id: 2
[04-Feb-2026 09:42:51 Europe/Berlin] isLoggedIn: User is authenticated - user_id: 2
[04-Feb-2026 09:42:51 Europe/Berlin] isLoggedIn: User is authenticated - user_id: 2
[04-Feb-2026 09:42:52 Europe/Berlin] isLoggedIn: User is authenticated - user_id: 2
[04-Feb-2026 09:42:52 Europe/Berlin] isLoggedIn: User is authenticated - user_id: 2
[04-Feb-2026 09:42:52 Europe/Berlin] isLoggedIn: User is authenticated - user_id: 2
[04-Feb-2026 09:42:53 Europe/Berlin] isLoggedIn: User is authenticated - user_id: 2
[04-Feb-2026 09:42:53 Europe/Berlin] isLoggedIn: User is authenticated - user_id: 2
[04-Feb-2026 09:42:53 Europe/Berlin] isLoggedIn: User is authenticated - user_id: 2
[04-Feb-2026 09:42:53 Europe/Berlin] isLoggedIn: User is authenticated - user_id: 2
[04-Feb-2026 09:42:53 Europe/Berlin] isLoggedIn: User is authenticated - user_id: 2
[04-Feb-2026 09:42:53 Europe/Berlin] isLoggedIn: User is authenticated - user_id: 2
[04-Feb-2026 09:42:53 Europe/Berlin] isLoggedIn: User is authenticated - user_id: 2
[04-Feb-2026 09:42:54 Europe/Berlin] isLoggedIn: User is authenticated - user_id: 2
[04-Feb-2026 09:42:54 Europe/Berlin] isLoggedIn: User is authenticated - user_id: 2
[04-Feb-2026 09:42:54 Europe/Berlin] isLoggedIn: User is authenticated - user_id: 2
[04-Feb-2026 09:42:54 Europe/Berlin] isLoggedIn: User is authenticated - user_id: 2
[04-Feb-2026 09:42:54 Europe/Berlin] isLoggedIn: User is authenticated - user_id: 2
[04-Feb-2026 09:43:45 Europe/Berlin] isLoggedIn: User is authenticated - user_id: 2
[04-Feb-2026 09:43:45 Europe/Berlin] isLoggedIn: User is authenticated - user_id: 2
[04-Feb-2026 09:43:45 Europe/Berlin] isLoggedIn: User is authenticated - user_id: 2
[04-Feb-2026 09:43:45 Europe/Berlin] isLoggedIn: User is authenticated - user_id: 2
[04-Feb-2026 09:43:48 Europe/Berlin] isLoggedIn: User is authenticated - user_id: 2
[04-Feb-2026 09:43:48 Europe/Berlin] isLoggedIn: User is authenticated - user_id: 2
[04-Feb-2026 09:43:48 Europe/Berlin] isLoggedIn: User is authenticated - user_id: 2
[04-Feb-2026 09:43:48 Europe/Berlin] isLoggedIn: User is authenticated - user_id: 2
[04-Feb-2026 09:43:50 Europe/Berlin] isLoggedIn: User is authenticated - user_id: 2
[04-Feb-2026 09:43:50 Europe/Berlin] isLoggedIn: User is authenticated - user_id: 2
[04-Feb-2026 09:43:50 Europe/Berlin] isLoggedIn: User is authenticated - user_id: 2
[04-Feb-2026 09:43:50 Europe/Berlin] isLoggedIn: User is authenticated - user_id: 2
[04-Feb-2026 09:43:52 Europe/Berlin] isLoggedIn: User is authenticated - user_id: 2
[04-Feb-2026 09:43:52 Europe/Berlin] isLoggedIn: User is authenticated - user_id: 2
[04-Feb-2026 09:43:52 Europe/Berlin] isLoggedIn: User is authenticated - user_id: 2
[04-Feb-2026 09:43:52 Europe/Berlin] isLoggedIn: User is authenticated - user_id: 2
[04-Feb-2026 09:43:52 Europe/Berlin] Uncaught Exception: Trying to access array offset on value of type null in C:\xampp\htdocs\work\project\Projects-php-mongo-\php\courses.php on line 536
[04-Feb-2026 09:44:07 Europe/Berlin] isLoggedIn: User is authenticated - user_id: 2
[04-Feb-2026 09:44:07 Europe/Berlin] isLoggedIn: User is authenticated - user_id: 2
[04-Feb-2026 09:44:07 Europe/Berlin] isLoggedIn: User is authenticated - user_id: 2
[04-Feb-2026 09:44:07 Europe/Berlin] isLoggedIn: User is authenticated - user_id: 2
[04-Feb-2026 09:44:22 Europe/Berlin] isLoggedIn: User is authenticated - user_id: 2
[04-Feb-2026 09:44:26 Europe/Berlin] isLoggedIn: User is authenticated - user_id: 2
[04-Feb-2026 09:44:26 Europe/Berlin] isLoggedIn: User is authenticated - user_id: 2
[04-Feb-2026 09:44:26 Europe/Berlin] isLoggedIn: User is authenticated - user_id: 2
[04-Feb-2026 09:44:26 Europe/Berlin] isLoggedIn: User is authenticated - user_id: 2
[04-Feb-2026 09:44:27 Europe/Berlin] isLoggedIn: User is authenticated - user_id: 2
[04-Feb-2026 09:46:12 Europe/Berlin] isLoggedIn: User is authenticated - user_id: 2
[04-Feb-2026 09:46:22 Europe/Berlin] isLoggedIn: User is authenticated - user_id: 2
[04-Feb-2026 09:46:22 Europe/Berlin] isLoggedIn: User is authenticated - user_id: 2
[04-Feb-2026 09:47:32 Europe/Berlin] isLoggedIn: User is authenticated - user_id: 2
[04-Feb-2026 09:49:23 Europe/Berlin] isLoggedIn: User is authenticated - user_id: 2
[04-Feb-2026 09:49:23 Europe/Berlin] isLoggedIn: User is authenticated - user_id: 2
[04-Feb-2026 09:49:23 Europe/Berlin] isLoggedIn: User is authenticated - user_id: 2
[04-Feb-2026 09:52:43 Europe/Berlin] isLoggedIn: User is authenticated - user_id: 2
[04-Feb-2026 09:54:16 Europe/Berlin] isLoggedIn: User is authenticated - user_id: 2
[04-Feb-2026 09:57:58 Europe/Berlin] isLoggedIn: User is authenticated - user_id: 2
[04-Feb-2026 10:03:55 Europe/Berlin] isLoggedIn: User is authenticated - user_id: 2
[04-Feb-2026 10:03:58 Europe/Berlin] isLoggedIn: User is authenticated - user_id: 2
[04-Feb-2026 10:03:58 Europe/Berlin] isLoggedIn: User is authenticated - user_id: 2
[04-Feb-2026 10:08:53 Europe/Berlin] isLoggedIn: User is authenticated - user_id: 2
[04-Feb-2026 10:08:54 Europe/Berlin] isLoggedIn: User is authenticated - user_id: 2
[04-Feb-2026 10:08:54 Europe/Berlin] isLoggedIn: User is authenticated - user_id: 2
[04-Feb-2026 10:08:55 Europe/Berlin] isLoggedIn: User is authenticated - user_id: 2
[04-Feb-2026 10:12:08 Europe/Berlin] isLoggedIn: User is authenticated - user_id: 2
[04-Feb-2026 10:12:08 Europe/Berlin] isLoggedIn: User is authenticated - user_id: 2
[04-Feb-2026 10:12:15 Europe/Berlin] isLoggedIn: User is authenticated - user_id: 2
[04-Feb-2026 10:12:15 Europe/Berlin] isLoggedIn: User is authenticated - user_id: 2
[04-Feb-2026 10:17:28 Europe/Berlin] isLoggedIn: User is authenticated - user_id: 2
[04-Feb-2026 10:17:28 Europe/Berlin] isLoggedIn: User is authenticated - user_id: 2
[04-Feb-2026 10:22:31 Europe/Berlin] isLoggedIn: User is authenticated - user_id: 2
[04-Feb-2026 10:22:31 Europe/Berlin] isLoggedIn: User is authenticated - user_id: 2
[04-Feb-2026 10:22:32 Europe/Berlin] isLoggedIn: User is authenticated - user_id: 2
[04-Feb-2026 10:22:32 Europe/Berlin] isLoggedIn: User is authenticated - user_id: 2
[04-Feb-2026 10:25:52 Europe/Berlin] isLoggedIn: User is authenticated - user_id: 2
[04-Feb-2026 10:25:52 Europe/Berlin] isLoggedIn: User is authenticated - user_id: 2
[04-Feb-2026 10:29:35 Europe/Berlin] isLoggedIn: User is authenticated - user_id: 2
[04-Feb-2026 10:29:35 Europe/Berlin] isLoggedIn: User is authenticated - user_id: 2
[04-Feb-2026 10:33:40 Europe/Berlin] isLoggedIn: User is authenticated - user_id: 2
[04-Feb-2026 10:33:40 Europe/Berlin] isLoggedIn: User is authenticated - user_id: 2
[04-Feb-2026 10:33:44 Europe/Berlin] isLoggedIn: User is authenticated - user_id: 2
[04-Feb-2026 10:33:44 Europe/Berlin] isLoggedIn: User is authenticated - user_id: 2
[04-Feb-2026 10:33:49 Europe/Berlin] isLoggedIn: User is authenticated - user_id: 2
[04-Feb-2026 10:33:49 Europe/Berlin] isLoggedIn: User is authenticated - user_id: 2
[04-Feb-2026 10:33:52 Europe/Berlin] isLoggedIn: User is authenticated - user_id: 2
[04-Feb-2026 10:33:52 Europe/Berlin] isLoggedIn: User is authenticated - user_id: 2
[04-Feb-2026 10:40:35 Europe/Berlin] isLoggedIn: User is authenticated - user_id: 2
[04-Feb-2026 10:40:35 Europe/Berlin] isLoggedIn: User is authenticated - user_id: 2
[04-Feb-2026 10:40:36 Europe/Berlin] isLoggedIn: User is authenticated - user_id: 2
[04-Feb-2026 10:40:36 Europe/Berlin] isLoggedIn: User is authenticated - user_id: 2
[04-Feb-2026 10:40:36 Europe/Berlin] isLoggedIn: User is authenticated - user_id: 2
[04-Feb-2026 10:40:36 Europe/Berlin] isLoggedIn: User is authenticated - user_id: 2
[04-Feb-2026 10:40:48 Europe/Berlin] isLoggedIn: User is authenticated - user_id: 2
[04-Feb-2026 10:40:48 Europe/Berlin] isLoggedIn: User is authenticated - user_id: 2
[04-Feb-2026 10:40:48 Europe/Berlin] isLoggedIn: User is authenticated - user_id: 2
[04-Feb-2026 10:40:51 Europe/Berlin] isLoggedIn: User is authenticated - user_id: 2
[04-Feb-2026 10:40:51 Europe/Berlin] isLoggedIn: User is authenticated - user_id: 2
[04-Feb-2026 10:40:51 Europe/Berlin] isLoggedIn: User is authenticated - user_id: 2
[04-Feb-2026 10:40:56 Europe/Berlin] isLoggedIn: User is authenticated - user_id: 2
[04-Feb-2026 10:40:56 Europe/Berlin] isLoggedIn: User is authenticated - user_id: 2
[04-Feb-2026 10:40:56 Europe/Berlin] isLoggedIn: User is authenticated - user_id: 2
[04-Feb-2026 10:40:58 Europe/Berlin] isLoggedIn: User is authenticated - user_id: 2
[04-Feb-2026 10:40:58 Europe/Berlin] isLoggedIn: User is authenticated - user_id: 2
[04-Feb-2026 10:40:58 Europe/Berlin] isLoggedIn: User is authenticated - user_id: 2
[04-Feb-2026 10:41:01 Europe/Berlin] isLoggedIn: User is authenticated - user_id: 2
[04-Feb-2026 10:41:01 Europe/Berlin] isLoggedIn: User is authenticated - user_id: 2
[04-Feb-2026 10:41:01 Europe/Berlin] isLoggedIn: User is authenticated - user_id: 2
[04-Feb-2026 10:41:16 Europe/Berlin] isLoggedIn: User is authenticated - user_id: 2
[04-Feb-2026 10:41:16 Europe/Berlin] isLoggedIn: User is authenticated - user_id: 2
[04-Feb-2026 10:48:05 Europe/Berlin] isLoggedIn: User is authenticated - user_id: 2
[04-Feb-2026 10:48:05 Europe/Berlin] isLoggedIn: User is authenticated - user_id: 2
[04-Feb-2026 10:48:08 Europe/Berlin] isLoggedIn: User is authenticated - user_id: 2
[04-Feb-2026 10:48:08 Europe/Berlin] isLoggedIn: User is authenticated - user_id: 2
[04-Feb-2026 10:48:08 Europe/Berlin] isLoggedIn: User is authenticated - user_id: 2
[04-Feb-2026 10:48:11 Europe/Berlin] isLoggedIn: User is authenticated - user_id: 2
[04-Feb-2026 10:48:11 Europe/Berlin] isLoggedIn: User is authenticated - user_id: 2
[04-Feb-2026 10:48:11 Europe/Berlin] isLoggedIn: User is authenticated - user_id: 2
[04-Feb-2026 10:48:15 Europe/Berlin] isLoggedIn: User is authenticated - user_id: 2
[04-Feb-2026 10:48:15 Europe/Berlin] isLoggedIn: User is authenticated - user_id: 2
[04-Feb-2026 10:48:15 Europe/Berlin] isLoggedIn: User is authenticated - user_id: 2
[04-Feb-2026 10:48:16 Europe/Berlin] isLoggedIn: User is authenticated - user_id: 2
[04-Feb-2026 10:48:16 Europe/Berlin] isLoggedIn: User is authenticated - user_id: 2
[04-Feb-2026 10:48:16 Europe/Berlin] isLoggedIn: User is authenticated - user_id: 2
[04-Feb-2026 10:48:21 Europe/Berlin] isLoggedIn: User is authenticated - user_id: 2
[04-Feb-2026 10:48:21 Europe/Berlin] isLoggedIn: User is authenticated - user_id: 2
[04-Feb-2026 10:48:21 Europe/Berlin] isLoggedIn: User is authenticated - user_id: 2
[04-Feb-2026 10:48:23 Europe/Berlin] isLoggedIn: User is authenticated - user_id: 2
[04-Feb-2026 10:48:23 Europe/Berlin] isLoggedIn: User is authenticated - user_id: 2
[04-Feb-2026 10:48:23 Europe/Berlin] isLoggedIn: User is authenticated - user_id: 2
[04-Feb-2026 10:48:25 Europe/Berlin] isLoggedIn: User is authenticated - user_id: 2
[04-Feb-2026 10:48:25 Europe/Berlin] isLoggedIn: User is authenticated - user_id: 2
[04-Feb-2026 10:48:25 Europe/Berlin] isLoggedIn: User is authenticated - user_id: 2
[04-Feb-2026 10:48:28 Europe/Berlin] isLoggedIn: User is authenticated - user_id: 2
[04-Feb-2026 10:48:28 Europe/Berlin] isLoggedIn: User is authenticated - user_id: 2
[04-Feb-2026 10:48:28 Europe/Berlin] isLoggedIn: User is authenticated - user_id: 2
[04-Feb-2026 10:49:03 Europe/Berlin] isLoggedIn: User is authenticated - user_id: 2
[04-Feb-2026 10:49:03 Europe/Berlin] isLoggedIn: User is authenticated - user_id: 2
[04-Feb-2026 10:49:03 Europe/Berlin] isLoggedIn: User is authenticated - user_id: 2
[04-Feb-2026 10:49:05 Europe/Berlin] isLoggedIn: User is authenticated - user_id: 2
[04-Feb-2026 10:49:05 Europe/Berlin] isLoggedIn: User is authenticated - user_id: 2
[04-Feb-2026 10:49:05 Europe/Berlin] isLoggedIn: User is authenticated - user_id: 2
[04-Feb-2026 11:10:36 Europe/Berlin] isLoggedIn: User is authenticated - user_id: 2
[04-Feb-2026 11:10:36 Europe/Berlin] isLoggedIn: User is authenticated - user_id: 2
[04-Feb-2026 11:10:36 Europe/Berlin] isLoggedIn: User is authenticated - user_id: 2
[04-Feb-2026 11:14:59 Europe/Berlin] isLoggedIn: User is authenticated - user_id: 2
[04-Feb-2026 11:14:59 Europe/Berlin] isLoggedIn: User is authenticated - user_id: 2
[04-Feb-2026 11:14:59 Europe/Berlin] isLoggedIn: User is authenticated - user_id: 2
[04-Feb-2026 11:19:49 Europe/Berlin] isLoggedIn: User is authenticated - user_id: 2
[04-Feb-2026 11:19:49 Europe/Berlin] isLoggedIn: User is authenticated - user_id: 2
[04-Feb-2026 11:19:49 Europe/Berlin] isLoggedIn: User is authenticated - user_id: 2
[06-Feb-2026 09:48:40 Europe/Berlin] isLoggedIn: Missing required session variables
[06-Feb-2026 09:48:40 Europe/Berlin] isLoggedIn: Missing required session variables
[06-Feb-2026 09:48:40 Europe/Berlin] isLoggedIn: Missing required session variables
[06-Feb-2026 09:49:36 Europe/Berlin] Email_sender function called for email: Vishalvarma0987654321@gmail.com
[06-Feb-2026 09:49:36 Europe/Berlin] Email could not be sent. Mailer Error: SMTP Error: Could not connect to SMTP host. Failed to connect to server SMTP server error: Failed to connect to server Additional SMTP info: php_network_getaddresses: getaddrinfo for smtp.gmail.com failed: No such host is known. 
[06-Feb-2026 09:52:09 Europe/Berlin] Email_sender function called for email: Vishalvarma0987654321@gmail.com
[06-Feb-2026 09:52:13 Europe/Berlin] OTP email sent successfully to Vishalvarma0987654321@gmail.com with subject: Tutor Login OTP - Sunrise Yoga
[06-Feb-2026 10:43:51 Europe/Berlin] Email_sender function called for email: Vishalvarma0987654321@gmail.com
[06-Feb-2026 10:43:56 Europe/Berlin] OTP email sent successfully to Vishalvarma0987654321@gmail.com with subject: Tutor Login OTP - Sunrise Yoga
[06-Feb-2026 10:44:11 Europe/Berlin] initUserSession - Setting session data: Array
(
    [user_id] => 2
    [username] => vishal varma
    [email] => Vishalvarma0987654321@gmail.com
    [role] => tutor
    [profile_picture] => 
    [login_time] => 1770371051
    [last_activity] => 1770371051
    [session_token] => 707270ee8a748017815e451c285cd8e2d261844c61d359e3d0d171951aa741f3
    [is_authenticated] => 1
)

[06-Feb-2026 10:44:11 Europe/Berlin] initUserSession completed. Final session data: Array
(
    [user_id] => 2
    [username] => vishal varma
    [email] => Vishalvarma0987654321@gmail.com
    [role] => tutor
    [profile_picture] => 
    [login_time] => 1770371051
    [last_activity] => 1770371051
    [session_token] => 707270ee8a748017815e451c285cd8e2d261844c61d359e3d0d171951aa741f3
    [is_authenticated] => 1
)

[06-Feb-2026 10:44:12 Europe/Berlin] isLoggedIn: User is authenticated - user_id: 2
[06-Feb-2026 10:44:12 Europe/Berlin] isLoggedIn: User is authenticated - user_id: 2
[06-Feb-2026 10:44:12 Europe/Berlin] isLoggedIn: User is authenticated - user_id: 2
[06-Feb-2026 10:44:12 Europe/Berlin] isLoggedIn: User is authenticated - user_id: 2
[06-Feb-2026 10:44:47 Europe/Berlin] isLoggedIn: User is authenticated - user_id: 2
[06-Feb-2026 10:44:47 Europe/Berlin] isLoggedIn: User is authenticated - user_id: 2
[06-Feb-2026 10:44:47 Europe/Berlin] isLoggedIn: User is authenticated - user_id: 2
[06-Feb-2026 10:44:47 Europe/Berlin] isLoggedIn: User is authenticated - user_id: 2
[06-Feb-2026 10:44:49 Europe/Berlin] isLoggedIn: User is authenticated - user_id: 2
[06-Feb-2026 10:44:49 Europe/Berlin] isLoggedIn: User is authenticated - user_id: 2
[06-Feb-2026 10:44:49 Europe/Berlin] isLoggedIn: User is authenticated - user_id: 2
[06-Feb-2026 10:44:49 Europe/Berlin] isLoggedIn: User is authenticated - user_id: 2
[06-Feb-2026 10:44:50 Europe/Berlin] isLoggedIn: User is authenticated - user_id: 2
[06-Feb-2026 10:44:50 Europe/Berlin] isLoggedIn: User is authenticated - user_id: 2
[06-Feb-2026 10:44:50 Europe/Berlin] isLoggedIn: User is authenticated - user_id: 2
[06-Feb-2026 10:44:50 Europe/Berlin] isLoggedIn: User is authenticated - user_id: 2
[06-Feb-2026 10:44:51 Europe/Berlin] isLoggedIn: User is authenticated - user_id: 2
[06-Feb-2026 10:44:51 Europe/Berlin] isLoggedIn: User is authenticated - user_id: 2
[06-Feb-2026 10:44:51 Europe/Berlin] isLoggedIn: User is authenticated - user_id: 2
[06-Feb-2026 10:44:51 Europe/Berlin] isLoggedIn: User is authenticated - user_id: 2
[06-Feb-2026 10:44:52 Europe/Berlin] isLoggedIn: User is authenticated - user_id: 2
[06-Feb-2026 10:44:52 Europe/Berlin] isLoggedIn: User is authenticated - user_id: 2
[06-Feb-2026 10:44:52 Europe/Berlin] isLoggedIn: User is authenticated - user_id: 2
[06-Feb-2026 10:44:52 Europe/Berlin] isLoggedIn: User is authenticated - user_id: 2
[06-Feb-2026 10:44:53 Europe/Berlin] isLoggedIn: User is authenticated - user_id: 2
[06-Feb-2026 10:44:53 Europe/Berlin] isLoggedIn: User is authenticated - user_id: 2
[06-Feb-2026 10:44:53 Europe/Berlin] isLoggedIn: User is authenticated - user_id: 2
[06-Feb-2026 10:44:53 Europe/Berlin] isLoggedIn: User is authenticated - user_id: 2
[06-Feb-2026 10:44:55 Europe/Berlin] isLoggedIn: User is authenticated - user_id: 2
[06-Feb-2026 10:44:55 Europe/Berlin] isLoggedIn: User is authenticated - user_id: 2
[06-Feb-2026 10:45:01 Europe/Berlin] isLoggedIn: User is authenticated - user_id: 2
[06-Feb-2026 10:45:01 Europe/Berlin] isLoggedIn: User is authenticated - user_id: 2
[06-Feb-2026 10:45:01 Europe/Berlin] isLoggedIn: User is authenticated - user_id: 2
[06-Feb-2026 10:45:03 Europe/Berlin] isLoggedIn: User is authenticated - user_id: 2
[06-Feb-2026 10:45:03 Europe/Berlin] isLoggedIn: User is authenticated - user_id: 2
[06-Feb-2026 10:45:04 Europe/Berlin] isLoggedIn: User is authenticated - user_id: 2
[06-Feb-2026 10:45:05 Europe/Berlin] isLoggedIn: User is authenticated - user_id: 2
[06-Feb-2026 10:45:05 Europe/Berlin] isLoggedIn: User is authenticated - user_id: 2
[06-Feb-2026 10:45:05 Europe/Berlin] isLoggedIn: User is authenticated - user_id: 2
[06-Feb-2026 10:45:07 Europe/Berlin] isLoggedIn: User is authenticated - user_id: 2
[06-Feb-2026 10:45:07 Europe/Berlin] isLoggedIn: User is authenticated - user_id: 2
[06-Feb-2026 10:45:07 Europe/Berlin] isLoggedIn: User is authenticated - user_id: 2
[06-Feb-2026 10:45:09 Europe/Berlin] isLoggedIn: User is authenticated - user_id: 2
[06-Feb-2026 10:45:09 Europe/Berlin] isLoggedIn: User is authenticated - user_id: 2
[06-Feb-2026 10:45:09 Europe/Berlin] isLoggedIn: User is authenticated - user_id: 2
[06-Feb-2026 10:45:45 Europe/Berlin] isLoggedIn: User is authenticated - user_id: 2
[06-Feb-2026 10:45:45 Europe/Berlin] isLoggedIn: User is authenticated - user_id: 2
[06-Feb-2026 10:45:45 Europe/Berlin] isLoggedIn: User is authenticated - user_id: 2
[06-Feb-2026 10:45:45 Europe/Berlin] isLoggedIn: User is authenticated - user_id: 2
[06-Feb-2026 12:07:10 Europe/Berlin] isLoggedIn: Session expired - timeout exceeded
[06-Feb-2026 12:07:10 Europe/Berlin] destroyUserSession: Session destroyed and new clean session started
[06-Feb-2026 12:07:10 Europe/Berlin] isLoggedIn: Missing required session variables
[06-Feb-2026 12:07:10 Europe/Berlin] isLoggedIn: Missing required session variables
[06-Feb-2026 12:07:10 Europe/Berlin] isLoggedIn: Missing required session variables
[06-Feb-2026 12:07:27 Europe/Berlin] Email_sender function called for email: Vishalvarma0987654321@gmail.com
[06-Feb-2026 12:07:27 Europe/Berlin] Email could not be sent. Mailer Error: SMTP Error: Could not connect to SMTP host. Failed to connect to server SMTP server error: Failed to connect to server Additional SMTP info: php_network_getaddresses: getaddrinfo for smtp.gmail.com failed: No such host is known. 
[06-Feb-2026 12:07:48 Europe/Berlin] Email_sender function called for email: Vishalvarma0987654321@gmail.com
[06-Feb-2026 12:07:53 Europe/Berlin] OTP email sent successfully to Vishalvarma0987654321@gmail.com with subject: Tutor Login OTP - Sunrise Yoga
[06-Feb-2026 12:08:07 Europe/Berlin] initUserSession - Setting session data: Array
(
    [user_id] => 2
    [username] => vishal varma
    [email] => Vishalvarma0987654321@gmail.com
    [role] => tutor
    [profile_picture] => 
    [login_time] => 1770376087
    [last_activity] => 1770376087
    [session_token] => 67e6301e65d86e5451927328b710077d420c9958ff7a735a017c06d795d0f223
    [is_authenticated] => 1
)

[06-Feb-2026 12:08:07 Europe/Berlin] initUserSession completed. Final session data: Array
(
    [user_id] => 2
    [username] => vishal varma
    [email] => Vishalvarma0987654321@gmail.com
    [role] => tutor
    [profile_picture] => 
    [login_time] => 1770376087
    [last_activity] => 1770376087
    [session_token] => 67e6301e65d86e5451927328b710077d420c9958ff7a735a017c06d795d0f223
    [is_authenticated] => 1
)

[06-Feb-2026 12:08:07 Europe/Berlin] isLoggedIn: User is authenticated - user_id: 2
[06-Feb-2026 12:08:07 Europe/Berlin] isLoggedIn: User is authenticated - user_id: 2
[06-Feb-2026 12:08:07 Europe/Berlin] isLoggedIn: User is authenticated - user_id: 2
[06-Feb-2026 12:08:07 Europe/Berlin] isLoggedIn: User is authenticated - user_id: 2
[06-Feb-2026 12:08:12 Europe/Berlin] isLoggedIn: User is authenticated - user_id: 2
[06-Feb-2026 12:08:12 Europe/Berlin] isLoggedIn: User is authenticated - user_id: 2
[09-Feb-2026 13:11:39 Europe/Berlin] isLoggedIn: Missing required session variables
[09-Feb-2026 13:11:39 Europe/Berlin] isLoggedIn: Missing required session variables
[09-Feb-2026 13:11:39 Europe/Berlin] isLoggedIn: Missing required session variables
[09-Feb-2026 13:12:05 Europe/Berlin] Email_sender function called for email: vishalvarma0987654321@gmail.com
[09-Feb-2026 13:12:10 Europe/Berlin] OTP email sent successfully to vishalvarma0987654321@gmail.com with subject: Tutor Login OTP - Sunrise Yoga
[09-Feb-2026 13:12:27 Europe/Berlin] initUserSession - Setting session data: Array
(
    [user_id] => 2
    [username] => vishal varma
    [email] => Vishalvarma0987654321@gmail.com
    [role] => tutor
    [profile_picture] => 
    [login_time] => 1770639147
    [last_activity] => 1770639147
    [session_token] => f8b4e13655a67ac3a8b804ef20e47698f26e128d95c1751b67f23c3c030c38b1
    [is_authenticated] => 1
)

[09-Feb-2026 13:12:27 Europe/Berlin] initUserSession completed. Final session data: Array
(
    [user_id] => 2
    [username] => vishal varma
    [email] => Vishalvarma0987654321@gmail.com
    [role] => tutor
    [profile_picture] => 
    [login_time] => 1770639147
    [last_activity] => 1770639147
    [session_token] => f8b4e13655a67ac3a8b804ef20e47698f26e128d95c1751b67f23c3c030c38b1
    [is_authenticated] => 1
)

[09-Feb-2026 13:12:27 Europe/Berlin] isLoggedIn: User is authenticated - user_id: 2
[09-Feb-2026 13:12:27 Europe/Berlin] isLoggedIn: User is authenticated - user_id: 2
[09-Feb-2026 13:12:27 Europe/Berlin] isLoggedIn: User is authenticated - user_id: 2
[09-Feb-2026 13:12:27 Europe/Berlin] isLoggedIn: User is authenticated - user_id: 2
[09-Feb-2026 13:12:32 Europe/Berlin] isLoggedIn: User is authenticated - user_id: 2
[09-Feb-2026 13:12:32 Europe/Berlin] isLoggedIn: User is authenticated - user_id: 2
[09-Feb-2026 13:12:39 Europe/Berlin] isLoggedIn: User is authenticated - user_id: 2
[09-Feb-2026 13:12:39 Europe/Berlin] isLoggedIn: User is authenticated - user_id: 2
[09-Feb-2026 13:12:39 Europe/Berlin] isLoggedIn: User is authenticated - user_id: 2
[09-Feb-2026 13:12:43 Europe/Berlin] isLoggedIn: User is authenticated - user_id: 2
[09-Feb-2026 13:12:43 Europe/Berlin] isLoggedIn: User is authenticated - user_id: 2
[09-Feb-2026 13:12:43 Europe/Berlin] isLoggedIn: User is authenticated - user_id: 2
[09-Feb-2026 13:12:50 Europe/Berlin] isLoggedIn: User is authenticated - user_id: 2
[09-Feb-2026 13:12:50 Europe/Berlin] isLoggedIn: User is authenticated - user_id: 2
[09-Feb-2026 13:17:54 Europe/Berlin] isLoggedIn: User is authenticated - user_id: 2
[09-Feb-2026 13:17:54 Europe/Berlin] isLoggedIn: User is authenticated - user_id: 2
[09-Feb-2026 13:17:54 Europe/Berlin] isLoggedIn: User is authenticated - user_id: 2
[09-Feb-2026 13:18:00 Europe/Berlin] isLoggedIn: User is authenticated - user_id: 2
[09-Feb-2026 13:18:00 Europe/Berlin] isLoggedIn: User is authenticated - user_id: 2
[09-Feb-2026 13:18:00 Europe/Berlin] isLoggedIn: User is authenticated - user_id: 2
[09-Feb-2026 13:26:25 Europe/Berlin] isLoggedIn: User is authenticated - user_id: 2
[09-Feb-2026 13:26:25 Europe/Berlin] isLoggedIn: User is authenticated - user_id: 2
[09-Feb-2026 13:26:25 Europe/Berlin] isLoggedIn: User is authenticated - user_id: 2
[09-Feb-2026 13:26:26 Europe/Berlin] isLoggedIn: User is authenticated - user_id: 2
[09-Feb-2026 13:26:26 Europe/Berlin] isLoggedIn: User is authenticated - user_id: 2
[09-Feb-2026 13:26:26 Europe/Berlin] isLoggedIn: User is authenticated - user_id: 2
[09-Feb-2026 13:26:27 Europe/Berlin] isLoggedIn: User is authenticated - user_id: 2
[09-Feb-2026 13:26:27 Europe/Berlin] isLoggedIn: User is authenticated - user_id: 2
[09-Feb-2026 13:26:27 Europe/Berlin] isLoggedIn: User is authenticated - user_id: 2
[09-Feb-2026 13:31:18 Europe/Berlin] isLoggedIn: User is authenticated - user_id: 2
[09-Feb-2026 13:31:18 Europe/Berlin] isLoggedIn: User is authenticated - user_id: 2
[09-Feb-2026 13:31:18 Europe/Berlin] isLoggedIn: User is authenticated - user_id: 2
[09-Feb-2026 13:31:19 Europe/Berlin] isLoggedIn: User is authenticated - user_id: 2
[09-Feb-2026 13:31:19 Europe/Berlin] isLoggedIn: User is authenticated - user_id: 2
[09-Feb-2026 13:31:19 Europe/Berlin] isLoggedIn: User is authenticated - user_id: 2
[13-Feb-2026 12:24:08 Europe/Berlin] isLoggedIn: Missing required session variables
[13-Feb-2026 12:24:08 Europe/Berlin] isLoggedIn: Missing required session variables
[13-Feb-2026 12:24:08 Europe/Berlin] Uncaught Exception: MySQL server has gone away in C:\xampp\htdocs\work\project\Projects-php-mongo-\php\home.php on line 14
[13-Feb-2026 12:25:26 Europe/Berlin] isLoggedIn: Missing required session variables
[13-Feb-2026 12:25:26 Europe/Berlin] isLoggedIn: Missing required session variables
[13-Feb-2026 12:25:27 Europe/Berlin] isLoggedIn: Missing required session variables
[13-Feb-2026 12:29:19 Europe/Berlin] Email_sender function called for email: vishalvarma0987654321@gmail.com
[13-Feb-2026 12:29:24 Europe/Berlin] OTP email sent successfully to vishalvarma0987654321@gmail.com with subject: Tutor Login OTP - Sunrise Yoga
[13-Feb-2026 12:30:35 Europe/Berlin] initUserSession - Setting session data: Array
(
    [user_id] => 2
    [username] => vishal varma
    [email] => Vishalvarma0987654321@gmail.com
    [role] => tutor
    [profile_picture] => 
    [login_time] => 1770982235
    [last_activity] => 1770982235
    [session_token] => dd4ff2a7adf434ba150cfd8897684376c5e112829acea91c52d429f951728746
    [is_authenticated] => 1
)

[13-Feb-2026 12:30:35 Europe/Berlin] initUserSession completed. Final session data: Array
(
    [user_id] => 2
    [username] => vishal varma
    [email] => Vishalvarma0987654321@gmail.com
    [role] => tutor
    [profile_picture] => 
    [login_time] => 1770982235
    [last_activity] => 1770982235
    [session_token] => dd4ff2a7adf434ba150cfd8897684376c5e112829acea91c52d429f951728746
    [is_authenticated] => 1
)

[13-Feb-2026 12:30:35 Europe/Berlin] isLoggedIn: User is authenticated - user_id: 2
[13-Feb-2026 12:30:35 Europe/Berlin] isLoggedIn: User is authenticated - user_id: 2
[13-Feb-2026 12:30:35 Europe/Berlin] isLoggedIn: User is authenticated - user_id: 2
[13-Feb-2026 12:30:35 Europe/Berlin] isLoggedIn: User is authenticated - user_id: 2
[13-Feb-2026 12:32:53 Europe/Berlin] isLoggedIn: User is authenticated - user_id: 2
[13-Feb-2026 12:32:53 Europe/Berlin] isLoggedIn: User is authenticated - user_id: 2
[13-Feb-2026 12:32:53 Europe/Berlin] isLoggedIn: User is authenticated - user_id: 2
[13-Feb-2026 12:32:56 Europe/Berlin] isLoggedIn: User is authenticated - user_id: 2
[13-Feb-2026 12:32:56 Europe/Berlin] isLoggedIn: User is authenticated - user_id: 2
[13-Feb-2026 12:32:56 Europe/Berlin] isLoggedIn: User is authenticated - user_id: 2
[13-Feb-2026 12:32:56 Europe/Berlin] isLoggedIn: User is authenticated - user_id: 2
[13-Feb-2026 12:32:58 Europe/Berlin] isLoggedIn: User is authenticated - user_id: 2
[13-Feb-2026 12:32:58 Europe/Berlin] isLoggedIn: User is authenticated - user_id: 2
[13-Feb-2026 12:52:40 Europe/Berlin] isLoggedIn: User is authenticated - user_id: 2
[13-Feb-2026 12:52:40 Europe/Berlin] isLoggedIn: User is authenticated - user_id: 2
[13-Feb-2026 12:52:42 Europe/Berlin] isLoggedIn: User is authenticated - user_id: 2
[13-Feb-2026 12:52:42 Europe/Berlin] isLoggedIn: User is authenticated - user_id: 2
[13-Feb-2026 12:52:42 Europe/Berlin] isLoggedIn: User is authenticated - user_id: 2
[13-Feb-2026 12:52:42 Europe/Berlin] isLoggedIn: User is authenticated - user_id: 2
[13-Feb-2026 12:52:46 Europe/Berlin] isLoggedIn: User is authenticated - user_id: 2
[13-Feb-2026 12:52:46 Europe/Berlin] isLoggedIn: User is authenticated - user_id: 2
[13-Feb-2026 12:52:47 Europe/Berlin] isLoggedIn: User is authenticated - user_id: 2
[13-Feb-2026 12:52:47 Europe/Berlin] isLoggedIn: User is authenticated - user_id: 2
[13-Feb-2026 12:55:31 Europe/Berlin] isLoggedIn: User is authenticated - user_id: 2
[13-Feb-2026 12:55:31 Europe/Berlin] isLoggedIn: User is authenticated - user_id: 2
[13-Feb-2026 12:55:32 Europe/Berlin] isLoggedIn: User is authenticated - user_id: 2
[13-Feb-2026 12:55:32 Europe/Berlin] isLoggedIn: User is authenticated - user_id: 2
[13-Feb-2026 12:58:18 Europe/Berlin] isLoggedIn: User is authenticated - user_id: 2
[13-Feb-2026 12:58:18 Europe/Berlin] isLoggedIn: User is authenticated - user_id: 2
[13-Feb-2026 12:58:18 Europe/Berlin] isLoggedIn: User is authenticated - user_id: 2
[13-Feb-2026 12:58:18 Europe/Berlin] isLoggedIn: User is authenticated - user_id: 2
[13-Feb-2026 12:58:18 Europe/Berlin] isLoggedIn: User is authenticated - user_id: 2
[13-Feb-2026 12:58:18 Europe/Berlin] isLoggedIn: User is authenticated - user_id: 2
[13-Feb-2026 12:58:19 Europe/Berlin] isLoggedIn: User is authenticated - user_id: 2
[13-Feb-2026 12:58:19 Europe/Berlin] isLoggedIn: User is authenticated - user_id: 2
[13-Feb-2026 13:05:34 Europe/Berlin] isLoggedIn: User is authenticated - user_id: 2
[13-Feb-2026 13:05:34 Europe/Berlin] isLoggedIn: User is authenticated - user_id: 2
[13-Feb-2026 13:10:45 Europe/Berlin] isLoggedIn: User is authenticated - user_id: 2
[13-Feb-2026 13:10:45 Europe/Berlin] isLoggedIn: User is authenticated - user_id: 2
[13-Feb-2026 13:10:46 Europe/Berlin] isLoggedIn: User is authenticated - user_id: 2
[13-Feb-2026 13:10:46 Europe/Berlin] isLoggedIn: User is authenticated - user_id: 2
[13-Feb-2026 13:10:47 Europe/Berlin] isLoggedIn: User is authenticated - user_id: 2
[13-Feb-2026 13:10:47 Europe/Berlin] isLoggedIn: User is authenticated - user_id: 2
[13-Feb-2026 13:10:57 Europe/Berlin] isLoggedIn: User is authenticated - user_id: 2
[13-Feb-2026 13:10:57 Europe/Berlin] isLoggedIn: User is authenticated - user_id: 2
[13-Feb-2026 13:10:57 Europe/Berlin] isLoggedIn: User is authenticated - user_id: 2
[13-Feb-2026 13:11:00 Europe/Berlin] isLoggedIn: User is authenticated - user_id: 2
[13-Feb-2026 13:11:00 Europe/Berlin] isLoggedIn: User is authenticated - user_id: 2
[13-Feb-2026 13:11:00 Europe/Berlin] isLoggedIn: User is authenticated - user_id: 2
[13-Feb-2026 13:11:18 Europe/Berlin] isLoggedIn: User is authenticated - user_id: 2
[13-Feb-2026 13:11:18 Europe/Berlin] isLoggedIn: User is authenticated - user_id: 2
[13-Feb-2026 13:11:18 Europe/Berlin] isLoggedIn: User is authenticated - user_id: 2
[13-Feb-2026 13:11:19 Europe/Berlin] isLoggedIn: User is authenticated - user_id: 2
[13-Feb-2026 13:11:19 Europe/Berlin] isLoggedIn: User is authenticated - user_id: 2
[13-Feb-2026 13:11:19 Europe/Berlin] isLoggedIn: User is authenticated - user_id: 2
[13-Feb-2026 13:12:02 Europe/Berlin] isLoggedIn: User is authenticated - user_id: 2
[13-Feb-2026 13:12:02 Europe/Berlin] isLoggedIn: User is authenticated - user_id: 2
[13-Feb-2026 13:12:02 Europe/Berlin] Uncaught Exception: Unknown column 'price' in 'field list' in C:\xampp\htdocs\work\project\Projects-php-mongo-\php\tutor_create_course.php on line 32
[13-Feb-2026 13:22:07 Europe/Berlin] isLoggedIn: User is authenticated - user_id: 2
[13-Feb-2026 13:22:07 Europe/Berlin] isLoggedIn: User is authenticated - user_id: 2
[13-Feb-2026 13:22:07 Europe/Berlin] isLoggedIn: User is authenticated - user_id: 2
[13-Feb-2026 13:22:13 Europe/Berlin] isLoggedIn: User is authenticated - user_id: 2
[13-Feb-2026 13:22:13 Europe/Berlin] isLoggedIn: User is authenticated - user_id: 2
[13-Feb-2026 13:22:13 Europe/Berlin] isLoggedIn: User is authenticated - user_id: 2
[13-Feb-2026 13:22:16 Europe/Berlin] isLoggedIn: User is authenticated - user_id: 2
[13-Feb-2026 13:22:16 Europe/Berlin] isLoggedIn: User is authenticated - user_id: 2
[13-Feb-2026 13:22:16 Europe/Berlin] isLoggedIn: User is authenticated - user_id: 2
[13-Feb-2026 13:22:28 Europe/Berlin] isLoggedIn: User is authenticated - user_id: 2
[13-Feb-2026 13:22:28 Europe/Berlin] isLoggedIn: User is authenticated - user_id: 2
[13-Feb-2026 13:24:18 Europe/Berlin] isLoggedIn: User is authenticated - user_id: 2
[13-Feb-2026 13:24:18 Europe/Berlin] isLoggedIn: User is authenticated - user_id: 2
[13-Feb-2026 13:24:18 Europe/Berlin] isLoggedIn: User is authenticated - user_id: 2
[13-Feb-2026 13:24:18 Europe/Berlin] isLoggedIn: User is authenticated - user_id: 2
[13-Feb-2026 13:24:23 Europe/Berlin] isLoggedIn: User is authenticated - user_id: 2
[13-Feb-2026 13:24:23 Europe/Berlin] isLoggedIn: User is authenticated - user_id: 2
[13-Feb-2026 13:25:15 Europe/Berlin] isLoggedIn: User is authenticated - user_id: 2
[13-Feb-2026 13:25:15 Europe/Berlin] isLoggedIn: User is authenticated - user_id: 2
[15-Feb-2026 09:54:23 Europe/Berlin] isLoggedIn: Missing required session variables
[15-Feb-2026 09:54:23 Europe/Berlin] isLoggedIn: Missing required session variables
[15-Feb-2026 09:54:23 Europe/Berlin] isLoggedIn: Missing required session variables
[15-Feb-2026 09:54:43 Europe/Berlin] Email_sender function called for email: vishalvarma0987654321@gmail.com
[15-Feb-2026 09:54:52 Europe/Berlin] OTP email sent successfully to vishalvarma0987654321@gmail.com with subject: Tutor Login OTP - Sunrise Yoga
[15-Feb-2026 09:55:18 Europe/Berlin] initUserSession - Setting session data: Array
(
    [user_id] => 2
    [username] => vishal varma
    [email] => Vishalvarma0987654321@gmail.com
    [role] => tutor
    [profile_picture] => 
    [login_time] => 1771145718
    [last_activity] => 1771145718
    [session_token] => e63987995e064323a78fdbf12f45ad11bcfb5376165fe4ab7c9007a6e6572e6c
    [is_authenticated] => 1
)

[15-Feb-2026 09:55:18 Europe/Berlin] initUserSession completed. Final session data: Array
(
    [user_id] => 2
    [username] => vishal varma
    [email] => Vishalvarma0987654321@gmail.com
    [role] => tutor
    [profile_picture] => 
    [login_time] => 1771145718
    [last_activity] => 1771145718
    [session_token] => e63987995e064323a78fdbf12f45ad11bcfb5376165fe4ab7c9007a6e6572e6c
    [is_authenticated] => 1
)

[15-Feb-2026 09:55:18 Europe/Berlin] isLoggedIn: User is authenticated - user_id: 2
[15-Feb-2026 09:55:18 Europe/Berlin] isLoggedIn: User is authenticated - user_id: 2
[15-Feb-2026 09:55:18 Europe/Berlin] isLoggedIn: User is authenticated - user_id: 2
[15-Feb-2026 09:55:18 Europe/Berlin] isLoggedIn: User is authenticated - user_id: 2
[15-Feb-2026 09:55:21 Europe/Berlin] isLoggedIn: User is authenticated - user_id: 2
[15-Feb-2026 09:55:21 Europe/Berlin] isLoggedIn: User is authenticated - user_id: 2
[15-Feb-2026 09:55:24 Europe/Berlin] isLoggedIn: User is authenticated - user_id: 2
[15-Feb-2026 09:55:24 Europe/Berlin] isLoggedIn: User is authenticated - user_id: 2
[15-Feb-2026 09:55:24 Europe/Berlin] isLoggedIn: User is authenticated - user_id: 2
[15-Feb-2026 09:55:40 Europe/Berlin] isLoggedIn: User is authenticated - user_id: 2
[15-Feb-2026 09:55:40 Europe/Berlin] isLoggedIn: User is authenticated - user_id: 2
[15-Feb-2026 09:55:40 Europe/Berlin] isLoggedIn: User is authenticated - user_id: 2
[15-Feb-2026 09:55:43 Europe/Berlin] isLoggedIn: User is authenticated - user_id: 2
[15-Feb-2026 09:55:43 Europe/Berlin] isLoggedIn: User is authenticated - user_id: 2
[15-Feb-2026 09:55:43 Europe/Berlin] isLoggedIn: User is authenticated - user_id: 2
[15-Feb-2026 09:57:17 Europe/Berlin] isLoggedIn: User is authenticated - user_id: 2
[15-Feb-2026 09:57:18 Europe/Berlin] isLoggedIn: User is authenticated - user_id: 2
[15-Feb-2026 09:57:18 Europe/Berlin] Uncaught Exception: Undefined array key "title" in C:\xampp\htdocs\work\project\Projects-php-mongo-\php\tutor_upload_video.php on line 19
[15-Feb-2026 10:31:34 Europe/Berlin] isLoggedIn: Session expired - timeout exceeded
[15-Feb-2026 10:31:34 Europe/Berlin] destroyUserSession: Session destroyed and new clean session started
[15-Feb-2026 10:31:39 Europe/Berlin] isLoggedIn: Missing required session variables
[15-Feb-2026 10:31:43 Europe/Berlin] isLoggedIn: Missing required session variables
[15-Feb-2026 10:31:43 Europe/Berlin] isLoggedIn: Missing required session variables
[15-Feb-2026 10:32:34 Europe/Berlin] Email_sender function called for email: vishalvarma0987654321@gmail.com
[15-Feb-2026 10:32:49 Europe/Berlin] OTP email sent successfully to vishalvarma0987654321@gmail.com with subject: Tutor Login OTP - Sunrise Yoga
[17-Feb-2026 05:09:11 Europe/Berlin] isLoggedIn: Missing required session variables
[17-Feb-2026 05:09:11 Europe/Berlin] isLoggedIn: Missing required session variables
[17-Feb-2026 05:09:11 Europe/Berlin] isLoggedIn: Missing required session variables
[17-Feb-2026 05:09:12 Europe/Berlin] isLoggedIn: Missing required session variables
[17-Feb-2026 05:09:12 Europe/Berlin] isLoggedIn: Missing required session variables
[17-Feb-2026 05:09:12 Europe/Berlin] isLoggedIn: Missing required session variables
[17-Feb-2026 05:09:28 Europe/Berlin] Email_sender function called for email: vishalvarma0987654321@gmail.com
[17-Feb-2026 05:09:28 Europe/Berlin] Email could not be sent. Mailer Error: SMTP Error: Could not connect to SMTP host. Failed to connect to server SMTP server error: Failed to connect to server Additional SMTP info: php_network_getaddresses: getaddrinfo for smtp.gmail.com failed: No such host is known. 
[17-Feb-2026 05:10:11 Europe/Berlin] Email_sender function called for email: vishalvarma0987654321@gmail.com
[17-Feb-2026 05:10:18 Europe/Berlin] OTP email sent successfully to vishalvarma0987654321@gmail.com with subject: Tutor Login OTP - Sunrise Yoga
[17-Feb-2026 05:10:44 Europe/Berlin] initUserSession - Setting session data: Array
(
    [user_id] => 2
    [username] => vishal varma
    [email] => Vishalvarma0987654321@gmail.com
    [role] => tutor
    [profile_picture] => 
    [login_time] => 1771301444
    [last_activity] => 1771301444
    [session_token] => 1709531cdb07aabaa5112443d69a14df232b9c2a3b4839d5102145e507e86d5a
    [is_authenticated] => 1
)

[17-Feb-2026 05:10:44 Europe/Berlin] initUserSession completed. Final session data: Array
(
    [user_id] => 2
    [username] => vishal varma
    [email] => Vishalvarma0987654321@gmail.com
    [role] => tutor
    [profile_picture] => 
    [login_time] => 1771301444
    [last_activity] => 1771301444
    [session_token] => 1709531cdb07aabaa5112443d69a14df232b9c2a3b4839d5102145e507e86d5a
    [is_authenticated] => 1
)

[17-Feb-2026 05:10:44 Europe/Berlin] isLoggedIn: User is authenticated - user_id: 2
[17-Feb-2026 05:10:44 Europe/Berlin] isLoggedIn: User is authenticated - user_id: 2
[17-Feb-2026 05:10:44 Europe/Berlin] isLoggedIn: User is authenticated - user_id: 2
[17-Feb-2026 05:10:44 Europe/Berlin] isLoggedIn: User is authenticated - user_id: 2
[17-Feb-2026 05:10:49 Europe/Berlin] isLoggedIn: User is authenticated - user_id: 2
[17-Feb-2026 05:10:49 Europe/Berlin] isLoggedIn: User is authenticated - user_id: 2
[17-Feb-2026 05:10:49 Europe/Berlin] isLoggedIn: User is authenticated - user_id: 2
[17-Feb-2026 05:10:55 Europe/Berlin] isLoggedIn: User is authenticated - user_id: 2
[17-Feb-2026 05:10:55 Europe/Berlin] isLoggedIn: User is authenticated - user_id: 2
[17-Feb-2026 05:11:10 Europe/Berlin] isLoggedIn: User is authenticated - user_id: 2
[17-Feb-2026 05:11:10 Europe/Berlin] isLoggedIn: User is authenticated - user_id: 2
[17-Feb-2026 05:11:10 Europe/Berlin] isLoggedIn: User is authenticated - user_id: 2
[17-Feb-2026 05:11:13 Europe/Berlin] isLoggedIn: User is authenticated - user_id: 2
[17-Feb-2026 05:11:14 Europe/Berlin] isLoggedIn: User is authenticated - user_id: 2
[17-Feb-2026 05:11:14 Europe/Berlin] isLoggedIn: User is authenticated - user_id: 2
[17-Feb-2026 05:11:32 Europe/Berlin] isLoggedIn: User is authenticated - user_id: 2
[17-Feb-2026 05:11:32 Europe/Berlin] isLoggedIn: User is authenticated - user_id: 2
[17-Feb-2026 05:11:32 Europe/Berlin] isLoggedIn: User is authenticated - user_id: 2
[17-Feb-2026 05:11:38 Europe/Berlin] isLoggedIn: User is authenticated - user_id: 2
[17-Feb-2026 05:11:38 Europe/Berlin] isLoggedIn: User is authenticated - user_id: 2
[17-Feb-2026 05:11:38 Europe/Berlin] isLoggedIn: User is authenticated - user_id: 2
[17-Feb-2026 05:11:44 Europe/Berlin] isLoggedIn: User is authenticated - user_id: 2
[17-Feb-2026 05:11:45 Europe/Berlin] isLoggedIn: User is authenticated - user_id: 2
[17-Feb-2026 05:11:45 Europe/Berlin] isLoggedIn: User is authenticated - user_id: 2
[17-Feb-2026 05:12:29 Europe/Berlin] isLoggedIn: User is authenticated - user_id: 2
[17-Feb-2026 05:12:29 Europe/Berlin] isLoggedIn: User is authenticated - user_id: 2
[17-Feb-2026 05:12:29 Europe/Berlin] Uncaught Exception: Undefined array key "title" in C:\xampp\htdocs\work\project\Projects-php-mongo-\php\tutor_upload_video.php on line 19
[17-Feb-2026 05:29:34 Europe/Berlin] isLoggedIn: Missing required session variables
[17-Feb-2026 05:29:34 Europe/Berlin] isLoggedIn: Missing required session variables
[17-Feb-2026 05:29:34 Europe/Berlin] isLoggedIn: Missing required session variables
[17-Feb-2026 05:30:20 Europe/Berlin] Email_sender function called for email: vishalvarma0987654321@gmail.com
[17-Feb-2026 05:30:32 Europe/Berlin] OTP email sent successfully to vishalvarma0987654321@gmail.com with subject: Tutor Login OTP - Sunrise Yoga
[17-Feb-2026 05:30:59 Europe/Berlin] initUserSession - Setting session data: Array
(
    [user_id] => 2
    [username] => vishal varma
    [email] => Vishalvarma0987654321@gmail.com
    [role] => tutor
    [profile_picture] => 
    [login_time] => 1771302659
    [last_activity] => 1771302659
    [session_token] => 8638c402b27da91af79140a9bb906bbd9f11e427808407e77ff8b6884ef14a6a
    [is_authenticated] => 1
)

[17-Feb-2026 05:30:59 Europe/Berlin] initUserSession completed. Final session data: Array
(
    [user_id] => 2
    [username] => vishal varma
    [email] => Vishalvarma0987654321@gmail.com
    [role] => tutor
    [profile_picture] => 
    [login_time] => 1771302659
    [last_activity] => 1771302659
    [session_token] => 8638c402b27da91af79140a9bb906bbd9f11e427808407e77ff8b6884ef14a6a
    [is_authenticated] => 1
)

[17-Feb-2026 05:30:59 Europe/Berlin] isLoggedIn: User is authenticated - user_id: 2
[17-Feb-2026 05:30:59 Europe/Berlin] isLoggedIn: User is authenticated - user_id: 2
[17-Feb-2026 05:30:59 Europe/Berlin] isLoggedIn: User is authenticated - user_id: 2
[17-Feb-2026 05:30:59 Europe/Berlin] isLoggedIn: User is authenticated - user_id: 2
[17-Feb-2026 05:31:03 Europe/Berlin] isLoggedIn: User is authenticated - user_id: 2
[17-Feb-2026 05:31:03 Europe/Berlin] isLoggedIn: User is authenticated - user_id: 2
[17-Feb-2026 05:31:03 Europe/Berlin] isLoggedIn: User is authenticated - user_id: 2
[17-Feb-2026 05:31:20 Europe/Berlin] isLoggedIn: User is authenticated - user_id: 2
[17-Feb-2026 05:31:20 Europe/Berlin] isLoggedIn: User is authenticated - user_id: 2
[17-Feb-2026 05:31:20 Europe/Berlin] isLoggedIn: User is authenticated - user_id: 2
[17-Feb-2026 05:31:23 Europe/Berlin] isLoggedIn: User is authenticated - user_id: 2
[17-Feb-2026 05:31:23 Europe/Berlin] isLoggedIn: User is authenticated - user_id: 2
[17-Feb-2026 05:31:28 Europe/Berlin] isLoggedIn: User is authenticated - user_id: 2
[17-Feb-2026 05:31:29 Europe/Berlin] isLoggedIn: User is authenticated - user_id: 2
[17-Feb-2026 05:31:29 Europe/Berlin] isLoggedIn: User is authenticated - user_id: 2
[17-Feb-2026 05:31:40 Europe/Berlin] isLoggedIn: User is authenticated - user_id: 2
[17-Feb-2026 05:31:40 Europe/Berlin] isLoggedIn: User is authenticated - user_id: 2
[17-Feb-2026 05:31:40 Europe/Berlin] isLoggedIn: User is authenticated - user_id: 2
[17-Feb-2026 05:31:44 Europe/Berlin] isLoggedIn: User is authenticated - user_id: 2
[17-Feb-2026 05:31:44 Europe/Berlin] isLoggedIn: User is authenticated - user_id: 2
[17-Feb-2026 05:31:44 Europe/Berlin] isLoggedIn: User is authenticated - user_id: 2
[17-Feb-2026 05:31:49 Europe/Berlin] isLoggedIn: User is authenticated - user_id: 2
[17-Feb-2026 05:31:49 Europe/Berlin] isLoggedIn: User is authenticated - user_id: 2
[17-Feb-2026 05:31:49 Europe/Berlin] isLoggedIn: User is authenticated - user_id: 2
[17-Feb-2026 05:31:56 Europe/Berlin] isLoggedIn: User is authenticated - user_id: 2
[17-Feb-2026 05:31:56 Europe/Berlin] isLoggedIn: User is authenticated - user_id: 2
[17-Feb-2026 05:31:56 Europe/Berlin] isLoggedIn: User is authenticated - user_id: 2
[17-Feb-2026 05:32:00 Europe/Berlin] isLoggedIn: User is authenticated - user_id: 2
[17-Feb-2026 05:32:00 Europe/Berlin] isLoggedIn: User is authenticated - user_id: 2
[17-Feb-2026 05:32:00 Europe/Berlin] isLoggedIn: User is authenticated - user_id: 2
[17-Feb-2026 05:32:00 Europe/Berlin] isLoggedIn: User is authenticated - user_id: 2
[17-Feb-2026 05:32:16 Europe/Berlin] isLoggedIn: User is authenticated - user_id: 2
[17-Feb-2026 05:32:17 Europe/Berlin] isLoggedIn: User is authenticated - user_id: 2
[17-Feb-2026 05:32:17 Europe/Berlin] isLoggedIn: User is authenticated - user_id: 2
[17-Feb-2026 05:32:17 Europe/Berlin] isLoggedIn: User is authenticated - user_id: 2
[17-Feb-2026 05:32:18 Europe/Berlin] isLoggedIn: User is authenticated - user_id: 2
[17-Feb-2026 05:32:18 Europe/Berlin] isLoggedIn: User is authenticated - user_id: 2
[17-Feb-2026 05:32:18 Europe/Berlin] isLoggedIn: User is authenticated - user_id: 2
[17-Feb-2026 05:32:18 Europe/Berlin] isLoggedIn: User is authenticated - user_id: 2
[17-Feb-2026 05:32:22 Europe/Berlin] isLoggedIn: User is authenticated - user_id: 2
[17-Feb-2026 05:32:22 Europe/Berlin] isLoggedIn: User is authenticated - user_id: 2
[17-Feb-2026 05:32:22 Europe/Berlin] isLoggedIn: User is authenticated - user_id: 2
[17-Feb-2026 05:32:22 Europe/Berlin] isLoggedIn: User is authenticated - user_id: 2
[17-Feb-2026 05:32:30 Europe/Berlin] isLoggedIn: User is authenticated - user_id: 2
[17-Feb-2026 05:32:30 Europe/Berlin] isLoggedIn: User is authenticated - user_id: 2
[17-Feb-2026 05:32:30 Europe/Berlin] isLoggedIn: User is authenticated - user_id: 2
[17-Feb-2026 05:32:30 Europe/Berlin] isLoggedIn: User is authenticated - user_id: 2
[17-Feb-2026 05:32:31 Europe/Berlin] isLoggedIn: User is authenticated - user_id: 2
[17-Feb-2026 05:32:31 Europe/Berlin] isLoggedIn: User is authenticated - user_id: 2
[17-Feb-2026 05:32:31 Europe/Berlin] isLoggedIn: User is authenticated - user_id: 2
[17-Feb-2026 05:32:31 Europe/Berlin] isLoggedIn: User is authenticated - user_id: 2
[17-Feb-2026 05:32:32 Europe/Berlin] isLoggedIn: User is authenticated - user_id: 2
[17-Feb-2026 05:32:32 Europe/Berlin] isLoggedIn: User is authenticated - user_id: 2
[17-Feb-2026 05:32:32 Europe/Berlin] isLoggedIn: User is authenticated - user_id: 2
[17-Feb-2026 05:32:32 Europe/Berlin] isLoggedIn: User is authenticated - user_id: 2
[17-Feb-2026 05:32:45 Europe/Berlin] isLoggedIn: User is authenticated - user_id: 2
[17-Feb-2026 05:32:45 Europe/Berlin] isLoggedIn: User is authenticated - user_id: 2
[17-Feb-2026 05:32:45 Europe/Berlin] isLoggedIn: User is authenticated - user_id: 2
[17-Feb-2026 05:32:45 Europe/Berlin] isLoggedIn: User is authenticated - user_id: 2
[17-Feb-2026 05:33:21 Europe/Berlin] isLoggedIn: User is authenticated - user_id: 2
[17-Feb-2026 05:33:21 Europe/Berlin] destroyUserSession: Session destroyed and new clean session started
[17-Feb-2026 05:33:24 Europe/Berlin] isLoggedIn: Missing required session variables
[17-Feb-2026 05:33:24 Europe/Berlin] isLoggedIn: Missing required session variables
[17-Feb-2026 05:33:24 Europe/Berlin] isLoggedIn: Missing required session variables
[17-Feb-2026 05:33:43 Europe/Berlin] Email_sender function called for email: vishalvarma0987654321@gmail.com
[17-Feb-2026 05:33:49 Europe/Berlin] OTP email sent successfully to vishalvarma0987654321@gmail.com with subject: Tutor Login OTP - Sunrise Yoga
[17-Feb-2026 05:34:04 Europe/Berlin] initUserSession - Setting session data: Array
(
    [user_id] => 2
    [username] => vishal varma
    [email] => Vishalvarma0987654321@gmail.com
    [role] => tutor
    [profile_picture] => 
    [login_time] => 1771302844
    [last_activity] => 1771302844
    [session_token] => 8c52f7296f04a89498b45a63a021b8393b8f365fa8504c9c0f9bb60feb921de9
    [is_authenticated] => 1
)

[17-Feb-2026 05:34:04 Europe/Berlin] initUserSession completed. Final session data: Array
(
    [user_id] => 2
    [username] => vishal varma
    [email] => Vishalvarma0987654321@gmail.com
    [role] => tutor
    [profile_picture] => 
    [login_time] => 1771302844
    [last_activity] => 1771302844
    [session_token] => 8c52f7296f04a89498b45a63a021b8393b8f365fa8504c9c0f9bb60feb921de9
    [is_authenticated] => 1
)

[17-Feb-2026 05:34:04 Europe/Berlin] isLoggedIn: User is authenticated - user_id: 2
[17-Feb-2026 05:34:04 Europe/Berlin] isLoggedIn: User is authenticated - user_id: 2
[17-Feb-2026 05:34:04 Europe/Berlin] isLoggedIn: User is authenticated - user_id: 2
[17-Feb-2026 05:34:04 Europe/Berlin] isLoggedIn: User is authenticated - user_id: 2
[17-Feb-2026 05:34:33 Europe/Berlin] isLoggedIn: User is authenticated - user_id: 2
[17-Feb-2026 05:34:33 Europe/Berlin] isLoggedIn: User is authenticated - user_id: 2
[17-Feb-2026 05:34:38 Europe/Berlin] isLoggedIn: User is authenticated - user_id: 2
[17-Feb-2026 05:34:38 Europe/Berlin] isLoggedIn: User is authenticated - user_id: 2
[17-Feb-2026 05:34:38 Europe/Berlin] isLoggedIn: User is authenticated - user_id: 2
[17-Feb-2026 05:34:51 Europe/Berlin] isLoggedIn: User is authenticated - user_id: 2
[17-Feb-2026 05:34:51 Europe/Berlin] isLoggedIn: User is authenticated - user_id: 2
[17-Feb-2026 05:34:51 Europe/Berlin] isLoggedIn: User is authenticated - user_id: 2
[17-Feb-2026 05:36:05 Europe/Berlin] isLoggedIn: User is authenticated - user_id: 2
[17-Feb-2026 05:36:05 Europe/Berlin] isLoggedIn: User is authenticated - user_id: 2
[17-Feb-2026 05:36:05 Europe/Berlin] isLoggedIn: User is authenticated - user_id: 2
[17-Feb-2026 05:36:07 Europe/Berlin] isLoggedIn: User is authenticated - user_id: 2
[17-Feb-2026 05:36:07 Europe/Berlin] isLoggedIn: User is authenticated - user_id: 2
[17-Feb-2026 05:36:07 Europe/Berlin] isLoggedIn: User is authenticated - user_id: 2
[17-Feb-2026 05:36:20 Europe/Berlin] isLoggedIn: User is authenticated - user_id: 2
[17-Feb-2026 05:36:20 Europe/Berlin] isLoggedIn: User is authenticated - user_id: 2
[17-Feb-2026 05:36:20 Europe/Berlin] isLoggedIn: User is authenticated - user_id: 2
[17-Feb-2026 05:36:20 Europe/Berlin] isLoggedIn: User is authenticated - user_id: 2
[17-Feb-2026 05:36:28 Europe/Berlin] isLoggedIn: User is authenticated - user_id: 2
[17-Feb-2026 05:36:28 Europe/Berlin] isLoggedIn: User is authenticated - user_id: 2
[17-Feb-2026 05:36:28 Europe/Berlin] isLoggedIn: User is authenticated - user_id: 2
[17-Feb-2026 05:36:28 Europe/Berlin] isLoggedIn: User is authenticated - user_id: 2
[17-Feb-2026 05:36:34 Europe/Berlin] isLoggedIn: User is authenticated - user_id: 2
[17-Feb-2026 05:36:34 Europe/Berlin] isLoggedIn: User is authenticated - user_id: 2
[17-Feb-2026 05:36:34 Europe/Berlin] isLoggedIn: User is authenticated - user_id: 2
[17-Feb-2026 05:36:34 Europe/Berlin] isLoggedIn: User is authenticated - user_id: 2
[17-Feb-2026 05:36:36 Europe/Berlin] isLoggedIn: User is authenticated - user_id: 2
[17-Feb-2026 05:36:36 Europe/Berlin] isLoggedIn: User is authenticated - user_id: 2
[17-Feb-2026 05:36:36 Europe/Berlin] isLoggedIn: User is authenticated - user_id: 2
[17-Feb-2026 05:36:36 Europe/Berlin] isLoggedIn: User is authenticated - user_id: 2
[17-Feb-2026 05:36:46 Europe/Berlin] isLoggedIn: User is authenticated - user_id: 2
[17-Feb-2026 05:36:46 Europe/Berlin] isLoggedIn: User is authenticated - user_id: 2
[17-Feb-2026 05:36:48 Europe/Berlin] isLoggedIn: User is authenticated - user_id: 2
[17-Feb-2026 05:36:48 Europe/Berlin] isLoggedIn: User is authenticated - user_id: 2
[17-Feb-2026 05:36:48 Europe/Berlin] isLoggedIn: User is authenticated - user_id: 2
[17-Feb-2026 05:36:48 Europe/Berlin] isLoggedIn: User is authenticated - user_id: 2
[17-Feb-2026 05:36:51 Europe/Berlin] isLoggedIn: User is authenticated - user_id: 2
[17-Feb-2026 05:36:51 Europe/Berlin] isLoggedIn: User is authenticated - user_id: 2
[17-Feb-2026 05:36:51 Europe/Berlin] isLoggedIn: User is authenticated - user_id: 2
[17-Feb-2026 05:36:51 Europe/Berlin] isLoggedIn: User is authenticated - user_id: 2
[17-Feb-2026 05:36:52 Europe/Berlin] isLoggedIn: User is authenticated - user_id: 2
[17-Feb-2026 05:36:52 Europe/Berlin] isLoggedIn: User is authenticated - user_id: 2
[17-Feb-2026 05:36:57 Europe/Berlin] isLoggedIn: User is authenticated - user_id: 2
[17-Feb-2026 05:36:57 Europe/Berlin] isLoggedIn: User is authenticated - user_id: 2
[17-Feb-2026 05:36:57 Europe/Berlin] isLoggedIn: User is authenticated - user_id: 2
[17-Feb-2026 05:37:18 Europe/Berlin] isLoggedIn: User is authenticated - user_id: 2
[17-Feb-2026 05:37:18 Europe/Berlin] isLoggedIn: User is authenticated - user_id: 2
[17-Feb-2026 05:37:18 Europe/Berlin] isLoggedIn: User is authenticated - user_id: 2
[17-Feb-2026 05:37:18 Europe/Berlin] isLoggedIn: User is authenticated - user_id: 2
[17-Feb-2026 05:37:19 Europe/Berlin] isLoggedIn: User is authenticated - user_id: 2
[17-Feb-2026 05:37:19 Europe/Berlin] isLoggedIn: User is authenticated - user_id: 2
[17-Feb-2026 05:37:23 Europe/Berlin] isLoggedIn: User is authenticated - user_id: 2
[17-Feb-2026 05:37:23 Europe/Berlin] isLoggedIn: User is authenticated - user_id: 2
[17-Feb-2026 05:37:23 Europe/Berlin] isLoggedIn: User is authenticated - user_id: 2
[17-Feb-2026 06:33:36 Europe/Berlin] isLoggedIn: Missing required session variables
[17-Feb-2026 06:33:36 Europe/Berlin] isLoggedIn: Missing required session variables
[17-Feb-2026 06:33:36 Europe/Berlin] isLoggedIn: Missing required session variables
[17-Feb-2026 06:35:41 Europe/Berlin] Email_sender function called for email: vishalvarma0987654321@gmail.com
[17-Feb-2026 06:35:49 Europe/Berlin] OTP email sent successfully to vishalvarma0987654321@gmail.com with subject: Tutor Login OTP - Sunrise Yoga
[17-Feb-2026 06:36:05 Europe/Berlin] initUserSession - Setting session data: Array
(
    [user_id] => 2
    [username] => vishal varma
    [email] => Vishalvarma0987654321@gmail.com
    [role] => tutor
    [profile_picture] => 
    [login_time] => 1771306565
    [last_activity] => 1771306565
    [session_token] => 5a5182b29f7436c9a43837ccb694cf38f8bed95ad1cdde7413721ba08536677d
    [is_authenticated] => 1
)

[17-Feb-2026 06:36:05 Europe/Berlin] initUserSession completed. Final session data: Array
(
    [user_id] => 2
    [username] => vishal varma
    [email] => Vishalvarma0987654321@gmail.com
    [role] => tutor
    [profile_picture] => 
    [login_time] => 1771306565
    [last_activity] => 1771306565
    [session_token] => 5a5182b29f7436c9a43837ccb694cf38f8bed95ad1cdde7413721ba08536677d
    [is_authenticated] => 1
)

[17-Feb-2026 06:36:05 Europe/Berlin] isLoggedIn: User is authenticated - user_id: 2
[17-Feb-2026 06:36:05 Europe/Berlin] isLoggedIn: User is authenticated - user_id: 2
[17-Feb-2026 06:36:05 Europe/Berlin] isLoggedIn: User is authenticated - user_id: 2
[17-Feb-2026 06:36:05 Europe/Berlin] isLoggedIn: User is authenticated - user_id: 2
[17-Feb-2026 06:36:23 Europe/Berlin] isLoggedIn: User is authenticated - user_id: 2
[17-Feb-2026 06:36:23 Europe/Berlin] isLoggedIn: User is authenticated - user_id: 2
[17-Feb-2026 06:36:34 Europe/Berlin] isLoggedIn: User is authenticated - user_id: 2
[17-Feb-2026 06:36:34 Europe/Berlin] isLoggedIn: User is authenticated - user_id: 2
[17-Feb-2026 06:36:34 Europe/Berlin] isLoggedIn: User is authenticated - user_id: 2
[17-Feb-2026 06:36:38 Europe/Berlin] isLoggedIn: User is authenticated - user_id: 2
[17-Feb-2026 06:36:38 Europe/Berlin] isLoggedIn: User is authenticated - user_id: 2
[17-Feb-2026 06:37:09 Europe/Berlin] isLoggedIn: User is authenticated - user_id: 2
[17-Feb-2026 06:37:09 Europe/Berlin] isLoggedIn: User is authenticated - user_id: 2
[17-Feb-2026 06:37:09 Europe/Berlin] isLoggedIn: User is authenticated - user_id: 2
[17-Feb-2026 06:37:14 Europe/Berlin] isLoggedIn: User is authenticated - user_id: 2
[17-Feb-2026 06:37:14 Europe/Berlin] isLoggedIn: User is authenticated - user_id: 2
[17-Feb-2026 06:37:14 Europe/Berlin] isLoggedIn: User is authenticated - user_id: 2
[17-Feb-2026 06:37:16 Europe/Berlin] isLoggedIn: User is authenticated - user_id: 2
[17-Feb-2026 06:37:16 Europe/Berlin] isLoggedIn: User is authenticated - user_id: 2
[17-Feb-2026 06:37:16 Europe/Berlin] isLoggedIn: User is authenticated - user_id: 2
[17-Feb-2026 06:39:01 Europe/Berlin] isLoggedIn: User is authenticated - user_id: 2
[17-Feb-2026 06:39:01 Europe/Berlin] isLoggedIn: User is authenticated - user_id: 2
[17-Feb-2026 06:39:01 Europe/Berlin] Uncaught Exception: Undefined array key "title" in C:\xampp\htdocs\work\project\Projects-php-mongo-\php\tutor_upload_video.php on line 19
[17-Feb-2026 06:45:05 Europe/Berlin] isLoggedIn: User is authenticated - user_id: 2
[17-Feb-2026 06:45:05 Europe/Berlin] isLoggedIn: User is authenticated - user_id: 2
[17-Feb-2026 06:45:05 Europe/Berlin] isLoggedIn: User is authenticated - user_id: 2
[17-Feb-2026 06:45:08 Europe/Berlin] isLoggedIn: User is authenticated - user_id: 2
[17-Feb-2026 06:45:08 Europe/Berlin] isLoggedIn: User is authenticated - user_id: 2
[17-Feb-2026 06:45:08 Europe/Berlin] isLoggedIn: User is authenticated - user_id: 2
[17-Feb-2026 06:47:21 Europe/Berlin] isLoggedIn: User is authenticated - user_id: 2
[17-Feb-2026 06:47:21 Europe/Berlin] isLoggedIn: User is authenticated - user_id: 2
[17-Feb-2026 06:47:21 Europe/Berlin] isLoggedIn: User is authenticated - user_id: 2
[17-Feb-2026 06:47:22 Europe/Berlin] isLoggedIn: User is authenticated - user_id: 2
[17-Feb-2026 06:47:22 Europe/Berlin] isLoggedIn: User is authenticated - user_id: 2
[17-Feb-2026 06:47:22 Europe/Berlin] isLoggedIn: User is authenticated - user_id: 2
[17-Feb-2026 06:47:26 Europe/Berlin] isLoggedIn: User is authenticated - user_id: 2
[17-Feb-2026 06:47:26 Europe/Berlin] isLoggedIn: User is authenticated - user_id: 2
[17-Feb-2026 06:47:26 Europe/Berlin] isLoggedIn: User is authenticated - user_id: 2
[17-Feb-2026 06:47:55 Europe/Berlin] isLoggedIn: User is authenticated - user_id: 2
[17-Feb-2026 06:47:55 Europe/Berlin] isLoggedIn: User is authenticated - user_id: 2
[17-Feb-2026 06:47:55 Europe/Berlin] Uncaught Exception: Undefined array key "title" in C:\xampp\htdocs\work\project\Projects-php-mongo-\php\tutor_upload_video.php on line 19
[17-Feb-2026 07:16:19 Europe/Berlin] isLoggedIn: Missing required session variables
[17-Feb-2026 07:16:19 Europe/Berlin] isLoggedIn: Missing required session variables
[17-Feb-2026 07:16:19 Europe/Berlin] isLoggedIn: Missing required session variables
[17-Feb-2026 11:45:28 Europe/Berlin] isLoggedIn: Missing required session variables
[17-Feb-2026 11:45:28 Europe/Berlin] isLoggedIn: Missing required session variables
[17-Feb-2026 11:45:28 Europe/Berlin] Uncaught Exception: Table 'yogamart_db.courses' doesn't exist in engine in C:\xampp\htdocs\work\project\Projects-php-mongo-\php\home.php on line 14
[17-Feb-2026 11:45:44 Europe/Berlin] isLoggedIn: Missing required session variables
[17-Feb-2026 11:45:44 Europe/Berlin] isLoggedIn: Missing required session variables
[17-Feb-2026 11:45:44 Europe/Berlin] Uncaught Exception: Table 'yogamart_db.courses' doesn't exist in engine in C:\xampp\htdocs\work\project\Projects-php-mongo-\php\home.php on line 14
[17-Feb-2026 11:45:45 Europe/Berlin] isLoggedIn: Missing required session variables
[17-Feb-2026 11:45:45 Europe/Berlin] isLoggedIn: Missing required session variables
[17-Feb-2026 11:45:45 Europe/Berlin] Uncaught Exception: Table 'yogamart_db.courses' doesn't exist in engine in C:\xampp\htdocs\work\project\Projects-php-mongo-\php\home.php on line 14
[17-Feb-2026 13:27:55 Europe/Berlin] isLoggedIn: Missing required session variables
[17-Feb-2026 13:27:55 Europe/Berlin] isLoggedIn: Missing required session variables
[17-Feb-2026 13:27:56 Europe/Berlin] isLoggedIn: Missing required session variables
[17-Feb-2026 13:28:06 Europe/Berlin] Email_sender function called for email: vishalvarma0987654321@gmail.com
[17-Feb-2026 13:28:11 Europe/Berlin] OTP email sent successfully to vishalvarma0987654321@gmail.com with subject: Tutor Login OTP - Sunrise Yoga
[17-Feb-2026 13:28:56 Europe/Berlin] initUserSession - Setting session data: Array
(
    [user_id] => 2
    [username] => vishal varma
    [email] => Vishalvarma0987654321@gmail.com
    [role] => tutor
    [profile_picture] => 
    [login_time] => 1771331336
    [last_activity] => 1771331336
    [session_token] => 4663088ab6388d4d2d2407baf90434dde48d649e98ae42186b00b88a6f2f1908
    [is_authenticated] => 1
)

[17-Feb-2026 13:28:56 Europe/Berlin] initUserSession completed. Final session data: Array
(
    [user_id] => 2
    [username] => vishal varma
    [email] => Vishalvarma0987654321@gmail.com
    [role] => tutor
    [profile_picture] => 
    [login_time] => 1771331336
    [last_activity] => 1771331336
    [session_token] => 4663088ab6388d4d2d2407baf90434dde48d649e98ae42186b00b88a6f2f1908
    [is_authenticated] => 1
)

[17-Feb-2026 13:28:56 Europe/Berlin] isLoggedIn: User is authenticated - user_id: 2
[17-Feb-2026 13:28:56 Europe/Berlin] isLoggedIn: User is authenticated - user_id: 2
[17-Feb-2026 13:28:56 Europe/Berlin] isLoggedIn: User is authenticated - user_id: 2
[17-Feb-2026 13:28:56 Europe/Berlin] isLoggedIn: User is authenticated - user_id: 2
[17-Feb-2026 13:28:59 Europe/Berlin] isLoggedIn: User is authenticated - user_id: 2
[17-Feb-2026 13:28:59 Europe/Berlin] isLoggedIn: User is authenticated - user_id: 2
[17-Feb-2026 13:29:15 Europe/Berlin] isLoggedIn: User is authenticated - user_id: 2
[17-Feb-2026 13:29:15 Europe/Berlin] isLoggedIn: User is authenticated - user_id: 2
[17-Feb-2026 13:29:15 Europe/Berlin] isLoggedIn: User is authenticated - user_id: 2
[17-Feb-2026 13:29:16 Europe/Berlin] isLoggedIn: User is authenticated - user_id: 2
[17-Feb-2026 13:29:16 Europe/Berlin] isLoggedIn: User is authenticated - user_id: 2
[17-Feb-2026 13:29:16 Europe/Berlin] isLoggedIn: User is authenticated - user_id: 2
[17-Feb-2026 13:30:15 Europe/Berlin] isLoggedIn: User is authenticated - user_id: 2
[17-Feb-2026 13:30:15 Europe/Berlin] isLoggedIn: User is authenticated - user_id: 2
[17-Feb-2026 13:30:15 Europe/Berlin] isLoggedIn: User is authenticated - user_id: 2
[17-Feb-2026 13:30:39 Europe/Berlin] isLoggedIn: User is authenticated - user_id: 2
[17-Feb-2026 13:30:39 Europe/Berlin] isLoggedIn: User is authenticated - user_id: 2
[17-Feb-2026 13:30:39 Europe/Berlin] isLoggedIn: User is authenticated - user_id: 2
[17-Feb-2026 13:31:36 Europe/Berlin] isLoggedIn: User is authenticated - user_id: 2
[17-Feb-2026 13:31:36 Europe/Berlin] isLoggedIn: User is authenticated - user_id: 2
[17-Feb-2026 13:31:36 Europe/Berlin] isLoggedIn: User is authenticated - user_id: 2
[17-Feb-2026 13:31:36 Europe/Berlin] isLoggedIn: User is authenticated - user_id: 2
[17-Feb-2026 13:31:36 Europe/Berlin] isLoggedIn: User is authenticated - user_id: 2
[17-Feb-2026 13:31:40 Europe/Berlin] isLoggedIn: User is authenticated - user_id: 2
[17-Feb-2026 13:31:40 Europe/Berlin] isLoggedIn: User is authenticated - user_id: 2
[17-Feb-2026 13:31:41 Europe/Berlin] isLoggedIn: User is authenticated - user_id: 2
[17-Feb-2026 13:31:41 Europe/Berlin] isLoggedIn: User is authenticated - user_id: 2
[17-Feb-2026 13:31:41 Europe/Berlin] isLoggedIn: User is authenticated - user_id: 2
[17-Feb-2026 13:31:48 Europe/Berlin] isLoggedIn: User is authenticated - user_id: 2
[17-Feb-2026 13:31:48 Europe/Berlin] isLoggedIn: User is authenticated - user_id: 2
[17-Feb-2026 13:31:48 Europe/Berlin] isLoggedIn: User is authenticated - user_id: 2
[17-Feb-2026 13:31:48 Europe/Berlin] isLoggedIn: User is authenticated - user_id: 2
[17-Feb-2026 13:31:48 Europe/Berlin] isLoggedIn: User is authenticated - user_id: 2
[17-Feb-2026 13:31:52 Europe/Berlin] isLoggedIn: User is authenticated - user_id: 2
[17-Feb-2026 13:31:52 Europe/Berlin] isLoggedIn: User is authenticated - user_id: 2
[17-Feb-2026 13:31:52 Europe/Berlin] isLoggedIn: User is authenticated - user_id: 2
[17-Feb-2026 13:31:56 Europe/Berlin] isLoggedIn: User is authenticated - user_id: 2
[17-Feb-2026 13:31:56 Europe/Berlin] isLoggedIn: User is authenticated - user_id: 2
[17-Feb-2026 13:31:58 Europe/Berlin] isLoggedIn: User is authenticated - user_id: 2
[17-Feb-2026 13:31:58 Europe/Berlin] isLoggedIn: User is authenticated - user_id: 2
[17-Feb-2026 13:31:58 Europe/Berlin] isLoggedIn: User is authenticated - user_id: 2
[17-Feb-2026 13:42:03 Europe/Berlin] isLoggedIn: User is authenticated - user_id: 2
[17-Feb-2026 13:42:03 Europe/Berlin] isLoggedIn: User is authenticated - user_id: 2
[17-Feb-2026 13:42:03 Europe/Berlin] isLoggedIn: User is authenticated - user_id: 2
[17-Feb-2026 13:42:09 Europe/Berlin] isLoggedIn: User is authenticated - user_id: 2
[17-Feb-2026 13:42:09 Europe/Berlin] isLoggedIn: User is authenticated - user_id: 2
[17-Feb-2026 13:42:11 Europe/Berlin] isLoggedIn: User is authenticated - user_id: 2
[17-Feb-2026 13:42:11 Europe/Berlin] isLoggedIn: User is authenticated - user_id: 2
[17-Feb-2026 13:42:11 Europe/Berlin] isLoggedIn: User is authenticated - user_id: 2
[17-Feb-2026 13:42:13 Europe/Berlin] isLoggedIn: User is authenticated - user_id: 2
[17-Feb-2026 13:42:13 Europe/Berlin] isLoggedIn: User is authenticated - user_id: 2
[17-Feb-2026 13:42:13 Europe/Berlin] isLoggedIn: User is authenticated - user_id: 2
[17-Feb-2026 13:42:30 Europe/Berlin] isLoggedIn: User is authenticated - user_id: 2
[17-Feb-2026 13:42:30 Europe/Berlin] isLoggedIn: User is authenticated - user_id: 2
[17-Feb-2026 13:42:43 Europe/Berlin] isLoggedIn: User is authenticated - user_id: 2
[17-Feb-2026 13:42:43 Europe/Berlin] isLoggedIn: User is authenticated - user_id: 2
[17-Feb-2026 13:42:43 Europe/Berlin] isLoggedIn: User is authenticated - user_id: 2
[17-Feb-2026 13:42:47 Europe/Berlin] isLoggedIn: User is authenticated - user_id: 2
[17-Feb-2026 13:42:47 Europe/Berlin] isLoggedIn: User is authenticated - user_id: 2
[17-Feb-2026 13:42:47 Europe/Berlin] isLoggedIn: User is authenticated - user_id: 2
[17-Feb-2026 13:42:51 Europe/Berlin] isLoggedIn: User is authenticated - user_id: 2
[17-Feb-2026 13:42:51 Europe/Berlin] isLoggedIn: User is authenticated - user_id: 2
[17-Feb-2026 13:42:51 Europe/Berlin] isLoggedIn: User is authenticated - user_id: 2
[17-Feb-2026 13:42:59 Europe/Berlin] isLoggedIn: User is authenticated - user_id: 2
[17-Feb-2026 13:42:59 Europe/Berlin] isLoggedIn: User is authenticated - user_id: 2
[17-Feb-2026 13:42:59 Europe/Berlin] isLoggedIn: User is authenticated - user_id: 2
[17-Feb-2026 13:43:01 Europe/Berlin] isLoggedIn: User is authenticated - user_id: 2
[17-Feb-2026 13:43:01 Europe/Berlin] isLoggedIn: User is authenticated - user_id: 2
[17-Feb-2026 13:43:01 Europe/Berlin] isLoggedIn: User is authenticated - user_id: 2
[17-Feb-2026 13:43:04 Europe/Berlin] isLoggedIn: User is authenticated - user_id: 2
[17-Feb-2026 13:43:04 Europe/Berlin] isLoggedIn: User is authenticated - user_id: 2
[17-Feb-2026 13:44:30 Europe/Berlin] isLoggedIn: User is authenticated - user_id: 2
[17-Feb-2026 13:44:30 Europe/Berlin] isLoggedIn: User is authenticated - user_id: 2
[17-Feb-2026 13:44:32 Europe/Berlin] isLoggedIn: User is authenticated - user_id: 2
[17-Feb-2026 13:44:32 Europe/Berlin] isLoggedIn: User is authenticated - user_id: 2
[17-Feb-2026 13:52:02 Europe/Berlin] isLoggedIn: User is authenticated - user_id: 2
[17-Feb-2026 13:52:02 Europe/Berlin] isLoggedIn: User is authenticated - user_id: 2
[17-Feb-2026 13:52:02 Europe/Berlin] isLoggedIn: User is authenticated - user_id: 2
[17-Feb-2026 13:52:03 Europe/Berlin] isLoggedIn: User is authenticated - user_id: 2
[17-Feb-2026 13:52:03 Europe/Berlin] isLoggedIn: User is authenticated - user_id: 2
[17-Feb-2026 13:52:03 Europe/Berlin] isLoggedIn: User is authenticated - user_id: 2
[17-Feb-2026 13:56:41 Europe/Berlin] isLoggedIn: User is authenticated - user_id: 2
[17-Feb-2026 13:56:41 Europe/Berlin] isLoggedIn: User is authenticated - user_id: 2
[17-Feb-2026 13:56:41 Europe/Berlin] isLoggedIn: User is authenticated - user_id: 2
[17-Feb-2026 14:02:34 Europe/Berlin] isLoggedIn: User is authenticated - user_id: 2
[17-Feb-2026 14:02:34 Europe/Berlin] isLoggedIn: User is authenticated - user_id: 2
[17-Feb-2026 14:02:34 Europe/Berlin] isLoggedIn: User is authenticated - user_id: 2
[17-Feb-2026 14:02:35 Europe/Berlin] isLoggedIn: User is authenticated - user_id: 2
[17-Feb-2026 14:02:35 Europe/Berlin] isLoggedIn: User is authenticated - user_id: 2
[17-Feb-2026 14:02:35 Europe/Berlin] isLoggedIn: User is authenticated - user_id: 2
[17-Feb-2026 14:02:36 Europe/Berlin] isLoggedIn: User is authenticated - user_id: 2
[17-Feb-2026 14:02:36 Europe/Berlin] isLoggedIn: User is authenticated - user_id: 2
[17-Feb-2026 14:02:36 Europe/Berlin] isLoggedIn: User is authenticated - user_id: 2
[17-Feb-2026 14:06:45 Europe/Berlin] isLoggedIn: User is authenticated - user_id: 2
[17-Feb-2026 14:06:45 Europe/Berlin] isLoggedIn: User is authenticated - user_id: 2
[17-Feb-2026 14:06:45 Europe/Berlin] isLoggedIn: User is authenticated - user_id: 2
[17-Feb-2026 14:06:47 Europe/Berlin] isLoggedIn: User is authenticated - user_id: 2
[17-Feb-2026 14:06:47 Europe/Berlin] isLoggedIn: User is authenticated - user_id: 2
[17-Feb-2026 14:06:47 Europe/Berlin] isLoggedIn: User is authenticated - user_id: 2
[25-Feb-2026 06:15:17 Europe/Berlin] isLoggedIn: Missing required session variables
[25-Feb-2026 06:15:17 Europe/Berlin] isLoggedIn: Missing required session variables
[25-Feb-2026 06:15:17 Europe/Berlin] isLoggedIn: Missing required session variables
[25-Feb-2026 06:15:48 Europe/Berlin] isLoggedIn: Missing required session variables
[25-Feb-2026 06:15:48 Europe/Berlin] isLoggedIn: Missing required session variables
[25-Feb-2026 06:15:48 Europe/Berlin] isLoggedIn: Missing required session variables
[25-Feb-2026 06:16:27 Europe/Berlin] isLoggedIn: Missing required session variables
[25-Feb-2026 06:16:27 Europe/Berlin] isLoggedIn: Missing required session variables
[25-Feb-2026 06:16:27 Europe/Berlin] isLoggedIn: Missing required session variables
[25-Feb-2026 06:16:36 Europe/Berlin] isLoggedIn: Missing required session variables
[25-Feb-2026 06:16:36 Europe/Berlin] isLoggedIn: Missing required session variables
[25-Feb-2026 06:16:36 Europe/Berlin] isLoggedIn: Missing required session variables
[25-Feb-2026 06:17:09 Europe/Berlin] isLoggedIn: Missing required session variables
[25-Feb-2026 06:17:09 Europe/Berlin] isLoggedIn: Missing required session variables
[25-Feb-2026 06:17:09 Europe/Berlin] isLoggedIn: Missing required session variables
[25-Feb-2026 06:17:09 Europe/Berlin] isLoggedIn: Missing required session variables
[25-Feb-2026 06:17:09 Europe/Berlin] isLoggedIn: Missing required session variables
[25-Feb-2026 06:17:09 Europe/Berlin] isLoggedIn: Missing required session variables
[25-Feb-2026 06:17:10 Europe/Berlin] isLoggedIn: Missing required session variables
[25-Feb-2026 06:17:10 Europe/Berlin] isLoggedIn: Missing required session variables
[25-Feb-2026 06:17:10 Europe/Berlin] isLoggedIn: Missing required session variables
[25-Feb-2026 06:17:14 Europe/Berlin] isLoggedIn: Missing required session variables
[25-Feb-2026 06:17:14 Europe/Berlin] isLoggedIn: Missing required session variables
[25-Feb-2026 06:17:14 Europe/Berlin] isLoggedIn: Missing required session variables
[25-Feb-2026 06:20:08 Europe/Berlin] isLoggedIn: Missing required session variables
[25-Feb-2026 06:20:08 Europe/Berlin] isLoggedIn: Missing required session variables
[25-Feb-2026 06:20:08 Europe/Berlin] isLoggedIn: Missing required session variables
[25-Feb-2026 07:06:37 Europe/Berlin] isLoggedIn: Missing required session variables
[25-Feb-2026 07:06:37 Europe/Berlin] isLoggedIn: Missing required session variables
[25-Feb-2026 07:06:37 Europe/Berlin] isLoggedIn: Missing required session variables
[25-Feb-2026 07:17:26 Europe/Berlin] isLoggedIn: Missing required session variables
[25-Feb-2026 07:17:26 Europe/Berlin] isLoggedIn: Missing required session variables
[25-Feb-2026 07:17:26 Europe/Berlin] isLoggedIn: Missing required session variables
[25-Feb-2026 07:17:37 Europe/Berlin] isLoggedIn: Missing required session variables
[25-Feb-2026 07:17:37 Europe/Berlin] isLoggedIn: Missing required session variables
[25-Feb-2026 07:17:37 Europe/Berlin] isLoggedIn: Missing required session variables
[25-Feb-2026 07:17:40 Europe/Berlin] isLoggedIn: Missing required session variables
[25-Feb-2026 07:17:40 Europe/Berlin] isLoggedIn: Missing required session variables
[25-Feb-2026 07:17:40 Europe/Berlin] isLoggedIn: Missing required session variables
[25-Feb-2026 07:17:54 Europe/Berlin] isLoggedIn: Missing required session variables
[25-Feb-2026 07:17:55 Europe/Berlin] isLoggedIn: Missing required session variables
[25-Feb-2026 07:17:55 Europe/Berlin] isLoggedIn: Missing required session variables
[25-Feb-2026 07:17:57 Europe/Berlin] isLoggedIn: Missing required session variables
[25-Feb-2026 07:17:57 Europe/Berlin] isLoggedIn: Missing required session variables
[25-Feb-2026 07:17:57 Europe/Berlin] isLoggedIn: Missing required session variables
[25-Feb-2026 07:17:57 Europe/Berlin] isLoggedIn: Missing required session variables
[25-Feb-2026 07:17:57 Europe/Berlin] isLoggedIn: Missing required session variables
[25-Feb-2026 07:17:57 Europe/Berlin] isLoggedIn: Missing required session variables
[25-Feb-2026 07:18:31 Europe/Berlin] Email_sender function called for email: vishalvarma0987654321@gmail.com
[25-Feb-2026 07:18:36 Europe/Berlin] OTP email sent successfully to vishalvarma0987654321@gmail.com with subject: Tutor Login OTP - Sunrise Yoga
[25-Feb-2026 07:18:58 Europe/Berlin] initUserSession - Setting session data: Array
(
    [user_id] => 2
    [username] => vishal varma
    [email] => Vishalvarma0987654321@gmail.com
    [role] => tutor
    [profile_picture] => 
    [login_time] => 1772000338
    [last_activity] => 1772000338
    [session_token] => 7f36d8fd0f09e6946c5cb600962e6d1ea39676f59cda37f122028b56e103c3a2
    [is_authenticated] => 1
)

[25-Feb-2026 07:18:58 Europe/Berlin] initUserSession completed. Final session data: Array
(
    [user_id] => 2
    [username] => vishal varma
    [email] => Vishalvarma0987654321@gmail.com
    [role] => tutor
    [profile_picture] => 
    [login_time] => 1772000338
    [last_activity] => 1772000338
    [session_token] => 7f36d8fd0f09e6946c5cb600962e6d1ea39676f59cda37f122028b56e103c3a2
    [is_authenticated] => 1
)

[25-Feb-2026 07:18:58 Europe/Berlin] isLoggedIn: User is authenticated - user_id: 2
[25-Feb-2026 07:18:58 Europe/Berlin] isLoggedIn: User is authenticated - user_id: 2
[25-Feb-2026 07:18:58 Europe/Berlin] isLoggedIn: User is authenticated - user_id: 2
[25-Feb-2026 07:18:58 Europe/Berlin] isLoggedIn: User is authenticated - user_id: 2
[25-Feb-2026 07:24:30 Europe/Berlin] isLoggedIn: User is authenticated - user_id: 2
[25-Feb-2026 07:24:30 Europe/Berlin] isLoggedIn: User is authenticated - user_id: 2
[25-Feb-2026 07:24:30 Europe/Berlin] isLoggedIn: User is authenticated - user_id: 2
[25-Feb-2026 07:24:30 Europe/Berlin] isLoggedIn: User is authenticated - user_id: 2
[25-Feb-2026 07:24:31 Europe/Berlin] isLoggedIn: User is authenticated - user_id: 2
[25-Feb-2026 07:24:31 Europe/Berlin] isLoggedIn: User is authenticated - user_id: 2
[25-Feb-2026 07:24:31 Europe/Berlin] isLoggedIn: User is authenticated - user_id: 2
[25-Feb-2026 07:24:31 Europe/Berlin] isLoggedIn: User is authenticated - user_id: 2
[25-Feb-2026 07:24:31 Europe/Berlin] isLoggedIn: User is authenticated - user_id: 2
[25-Feb-2026 07:24:31 Europe/Berlin] isLoggedIn: User is authenticated - user_id: 2
[25-Feb-2026 07:24:31 Europe/Berlin] isLoggedIn: User is authenticated - user_id: 2
[25-Feb-2026 07:24:31 Europe/Berlin] isLoggedIn: User is authenticated - user_id: 2
[25-Feb-2026 07:24:38 Europe/Berlin] isLoggedIn: User is authenticated - user_id: 2
[25-Feb-2026 07:24:38 Europe/Berlin] destroyUserSession: Session destroyed and new clean session started
[25-Feb-2026 07:24:41 Europe/Berlin] isLoggedIn: Missing required session variables
[25-Feb-2026 07:24:41 Europe/Berlin] isLoggedIn: Missing required session variables
[25-Feb-2026 07:24:41 Europe/Berlin] isLoggedIn: Missing required session variables
[25-Feb-2026 07:24:43 Europe/Berlin] isLoggedIn: Missing required session variables
[25-Feb-2026 07:24:43 Europe/Berlin] isLoggedIn: Missing required session variables
[25-Feb-2026 07:24:43 Europe/Berlin] isLoggedIn: Missing required session variables
[25-Feb-2026 07:24:44 Europe/Berlin] isLoggedIn: Missing required session variables
[25-Feb-2026 07:24:44 Europe/Berlin] isLoggedIn: Missing required session variables
[25-Feb-2026 07:24:44 Europe/Berlin] isLoggedIn: Missing required session variables
[25-Feb-2026 07:30:16 Europe/Berlin] isLoggedIn: Missing required session variables
[25-Feb-2026 07:30:16 Europe/Berlin] isLoggedIn: Missing required session variables
[25-Feb-2026 07:30:16 Europe/Berlin] isLoggedIn: Missing required session variables
[25-Feb-2026 07:31:27 Europe/Berlin] Email_sender function called for email: vishalvarma0987654321@gmail.com
[25-Feb-2026 07:31:34 Europe/Berlin] OTP email sent successfully to vishalvarma0987654321@gmail.com with subject: Tutor Login OTP - Sunrise Yoga
[25-Feb-2026 07:31:46 Europe/Berlin] initUserSession - Setting session data: Array
(
    [user_id] => 2
    [username] => vishal varma
    [email] => Vishalvarma0987654321@gmail.com
    [role] => tutor
    [profile_picture] => 
    [login_time] => 1772001106
    [last_activity] => 1772001106
    [session_token] => c4a98266df18e0570075d96f97a430099816f71e13b6c5d588dd5608404791db
    [is_authenticated] => 1
)

[25-Feb-2026 07:31:46 Europe/Berlin] initUserSession completed. Final session data: Array
(
    [user_id] => 2
    [username] => vishal varma
    [email] => Vishalvarma0987654321@gmail.com
    [role] => tutor
    [profile_picture] => 
    [login_time] => 1772001106
    [last_activity] => 1772001106
    [session_token] => c4a98266df18e0570075d96f97a430099816f71e13b6c5d588dd5608404791db
    [is_authenticated] => 1
)

[25-Feb-2026 07:31:46 Europe/Berlin] isLoggedIn: User is authenticated - user_id: 2
[25-Feb-2026 07:31:46 Europe/Berlin] isLoggedIn: User is authenticated - user_id: 2
[25-Feb-2026 07:31:46 Europe/Berlin] isLoggedIn: User is authenticated - user_id: 2
[25-Feb-2026 07:31:46 Europe/Berlin] isLoggedIn: User is authenticated - user_id: 2
[25-Feb-2026 07:31:55 Europe/Berlin] isLoggedIn: User is authenticated - user_id: 2
[25-Feb-2026 07:31:55 Europe/Berlin] isLoggedIn: User is authenticated - user_id: 2
[25-Feb-2026 07:31:55 Europe/Berlin] isLoggedIn: User is authenticated - user_id: 2
[25-Feb-2026 07:32:08 Europe/Berlin] isLoggedIn: User is authenticated - user_id: 2
[25-Feb-2026 07:32:08 Europe/Berlin] isLoggedIn: User is authenticated - user_id: 2
[25-Feb-2026 07:32:11 Europe/Berlin] isLoggedIn: User is authenticated - user_id: 2
[25-Feb-2026 07:32:11 Europe/Berlin] isLoggedIn: User is authenticated - user_id: 2
[25-Feb-2026 07:32:11 Europe/Berlin] isLoggedIn: User is authenticated - user_id: 2
[25-Feb-2026 07:32:11 Europe/Berlin] isLoggedIn: User is authenticated - user_id: 2
[25-Feb-2026 07:32:14 Europe/Berlin] isLoggedIn: User is authenticated - user_id: 2
[25-Feb-2026 07:32:14 Europe/Berlin] isLoggedIn: User is authenticated - user_id: 2
[25-Feb-2026 07:32:14 Europe/Berlin] isLoggedIn: User is authenticated - user_id: 2
[25-Feb-2026 07:32:14 Europe/Berlin] isLoggedIn: User is authenticated - user_id: 2
[25-Feb-2026 07:32:15 Europe/Berlin] isLoggedIn: User is authenticated - user_id: 2
[25-Feb-2026 07:32:15 Europe/Berlin] isLoggedIn: User is authenticated - user_id: 2
[25-Feb-2026 07:32:15 Europe/Berlin] isLoggedIn: User is authenticated - user_id: 2
[25-Feb-2026 07:32:15 Europe/Berlin] isLoggedIn: User is authenticated - user_id: 2
[25-Feb-2026 07:32:17 Europe/Berlin] isLoggedIn: User is authenticated - user_id: 2
[25-Feb-2026 07:32:17 Europe/Berlin] isLoggedIn: User is authenticated - user_id: 2
[25-Feb-2026 07:32:17 Europe/Berlin] isLoggedIn: User is authenticated - user_id: 2
[25-Feb-2026 07:32:17 Europe/Berlin] isLoggedIn: User is authenticated - user_id: 2
[25-Feb-2026 07:32:19 Europe/Berlin] isLoggedIn: User is authenticated - user_id: 2
[25-Feb-2026 07:32:19 Europe/Berlin] isLoggedIn: User is authenticated - user_id: 2
[25-Feb-2026 07:32:19 Europe/Berlin] isLoggedIn: User is authenticated - user_id: 2
[25-Feb-2026 07:32:19 Europe/Berlin] isLoggedIn: User is authenticated - user_id: 2
[25-Feb-2026 07:32:23 Europe/Berlin] isLoggedIn: User is authenticated - user_id: 2
[25-Feb-2026 07:32:23 Europe/Berlin] isLoggedIn: User is authenticated - user_id: 2
[25-Feb-2026 07:32:23 Europe/Berlin] isLoggedIn: User is authenticated - user_id: 2
[25-Feb-2026 07:34:26 Europe/Berlin] isLoggedIn: User is authenticated - user_id: 2
[25-Feb-2026 07:34:26 Europe/Berlin] isLoggedIn: User is authenticated - user_id: 2
[25-Feb-2026 07:34:26 Europe/Berlin] isLoggedIn: User is authenticated - user_id: 2
[25-Feb-2026 07:34:26 Europe/Berlin] isLoggedIn: User is authenticated - user_id: 2
[25-Feb-2026 07:34:37 Europe/Berlin] isLoggedIn: User is authenticated - user_id: 2
[25-Feb-2026 07:34:37 Europe/Berlin] isLoggedIn: User is authenticated - user_id: 2
[25-Feb-2026 07:34:37 Europe/Berlin] isLoggedIn: User is authenticated - user_id: 2
[25-Feb-2026 07:34:37 Europe/Berlin] isLoggedIn: User is authenticated - user_id: 2
[25-Feb-2026 07:34:45 Europe/Berlin] isLoggedIn: User is authenticated - user_id: 2
[25-Feb-2026 07:34:45 Europe/Berlin] isLoggedIn: User is authenticated - user_id: 2
[25-Feb-2026 07:34:45 Europe/Berlin] isLoggedIn: User is authenticated - user_id: 2
[25-Feb-2026 07:34:45 Europe/Berlin] isLoggedIn: User is authenticated - user_id: 2
[25-Feb-2026 07:34:56 Europe/Berlin] isLoggedIn: User is authenticated - user_id: 2
[25-Feb-2026 07:34:56 Europe/Berlin] isLoggedIn: User is authenticated - user_id: 2
[25-Feb-2026 07:34:58 Europe/Berlin] isLoggedIn: User is authenticated - user_id: 2
[25-Feb-2026 07:34:58 Europe/Berlin] isLoggedIn: User is authenticated - user_id: 2
[25-Feb-2026 07:35:01 Europe/Berlin] isLoggedIn: User is authenticated - user_id: 2
[25-Feb-2026 07:35:01 Europe/Berlin] isLoggedIn: User is authenticated - user_id: 2
[25-Feb-2026 07:35:01 Europe/Berlin] isLoggedIn: User is authenticated - user_id: 2
[25-Feb-2026 07:35:38 Europe/Berlin] isLoggedIn: User is authenticated - user_id: 2
[25-Feb-2026 07:35:38 Europe/Berlin] isLoggedIn: User is authenticated - user_id: 2
[25-Feb-2026 07:35:38 Europe/Berlin] isLoggedIn: User is authenticated - user_id: 2
[25-Feb-2026 07:35:39 Europe/Berlin] isLoggedIn: User is authenticated - user_id: 2
[25-Feb-2026 07:35:39 Europe/Berlin] isLoggedIn: User is authenticated - user_id: 2
[25-Feb-2026 07:35:39 Europe/Berlin] isLoggedIn: User is authenticated - user_id: 2
[25-Feb-2026 07:35:47 Europe/Berlin] isLoggedIn: User is authenticated - user_id: 2
[25-Feb-2026 07:35:47 Europe/Berlin] isLoggedIn: User is authenticated - user_id: 2
[25-Feb-2026 07:35:47 Europe/Berlin] isLoggedIn: User is authenticated - user_id: 2
[25-Feb-2026 07:38:23 Europe/Berlin] isLoggedIn: User is authenticated - user_id: 2
[25-Feb-2026 07:38:23 Europe/Berlin] isLoggedIn: User is authenticated - user_id: 2
[25-Feb-2026 07:38:23 Europe/Berlin] isLoggedIn: User is authenticated - user_id: 2
[25-Feb-2026 07:38:31 Europe/Berlin] isLoggedIn: User is authenticated - user_id: 2
[25-Feb-2026 07:38:31 Europe/Berlin] isLoggedIn: User is authenticated - user_id: 2
[25-Feb-2026 07:38:31 Europe/Berlin] isLoggedIn: User is authenticated - user_id: 2
[25-Feb-2026 07:38:37 Europe/Berlin] isLoggedIn: User is authenticated - user_id: 2
[25-Feb-2026 07:38:37 Europe/Berlin] isLoggedIn: User is authenticated - user_id: 2
[25-Feb-2026 07:40:28 Europe/Berlin] isLoggedIn: User is authenticated - user_id: 2
[25-Feb-2026 07:40:28 Europe/Berlin] isLoggedIn: User is authenticated - user_id: 2
[25-Feb-2026 07:40:30 Europe/Berlin] isLoggedIn: User is authenticated - user_id: 2
[25-Feb-2026 07:40:30 Europe/Berlin] isLoggedIn: User is authenticated - user_id: 2
[25-Feb-2026 07:41:59 Europe/Berlin] isLoggedIn: User is authenticated - user_id: 2
[25-Feb-2026 07:41:59 Europe/Berlin] isLoggedIn: User is authenticated - user_id: 2
[25-Feb-2026 07:42:03 Europe/Berlin] isLoggedIn: User is authenticated - user_id: 2
[25-Feb-2026 07:42:03 Europe/Berlin] isLoggedIn: User is authenticated - user_id: 2
[25-Feb-2026 07:42:05 Europe/Berlin] isLoggedIn: User is authenticated - user_id: 2
[25-Feb-2026 07:42:05 Europe/Berlin] isLoggedIn: User is authenticated - user_id: 2
[25-Feb-2026 07:42:05 Europe/Berlin] isLoggedIn: User is authenticated - user_id: 2
[25-Feb-2026 07:42:08 Europe/Berlin] isLoggedIn: User is authenticated - user_id: 2
[25-Feb-2026 07:42:08 Europe/Berlin] isLoggedIn: User is authenticated - user_id: 2
[25-Feb-2026 07:45:02 Europe/Berlin] isLoggedIn: User is authenticated - user_id: 2
[25-Feb-2026 07:45:02 Europe/Berlin] isLoggedIn: User is authenticated - user_id: 2
[25-Feb-2026 07:45:03 Europe/Berlin] isLoggedIn: User is authenticated - user_id: 2
[25-Feb-2026 07:45:03 Europe/Berlin] isLoggedIn: User is authenticated - user_id: 2
[25-Feb-2026 07:48:08 Europe/Berlin] isLoggedIn: User is authenticated - user_id: 2
[25-Feb-2026 07:48:08 Europe/Berlin] isLoggedIn: User is authenticated - user_id: 2
[25-Feb-2026 07:49:18 Europe/Berlin] isLoggedIn: User is authenticated - user_id: 2
[25-Feb-2026 07:49:18 Europe/Berlin] isLoggedIn: User is authenticated - user_id: 2
[25-Feb-2026 07:49:23 Europe/Berlin] isLoggedIn: User is authenticated - user_id: 2
[25-Feb-2026 07:49:23 Europe/Berlin] isLoggedIn: User is authenticated - user_id: 2
[25-Feb-2026 07:50:36 Europe/Berlin] isLoggedIn: User is authenticated - user_id: 2
[25-Feb-2026 07:50:36 Europe/Berlin] isLoggedIn: User is authenticated - user_id: 2
[25-Feb-2026 07:52:38 Europe/Berlin] isLoggedIn: User is authenticated - user_id: 2
[25-Feb-2026 07:52:38 Europe/Berlin] isLoggedIn: User is authenticated - user_id: 2
[25-Feb-2026 07:52:39 Europe/Berlin] isLoggedIn: User is authenticated - user_id: 2
[25-Feb-2026 07:52:39 Europe/Berlin] isLoggedIn: User is authenticated - user_id: 2
[25-Feb-2026 07:52:39 Europe/Berlin] isLoggedIn: User is authenticated - user_id: 2
[25-Feb-2026 07:52:39 Europe/Berlin] isLoggedIn: User is authenticated - user_id: 2
[25-Feb-2026 07:52:39 Europe/Berlin] isLoggedIn: User is authenticated - user_id: 2
[25-Feb-2026 07:52:39 Europe/Berlin] isLoggedIn: User is authenticated - user_id: 2
[25-Feb-2026 07:52:40 Europe/Berlin] isLoggedIn: User is authenticated - user_id: 2
[25-Feb-2026 07:52:40 Europe/Berlin] isLoggedIn: User is authenticated - user_id: 2
[25-Feb-2026 07:52:45 Europe/Berlin] isLoggedIn: User is authenticated - user_id: 2
[25-Feb-2026 07:52:45 Europe/Berlin] isLoggedIn: User is authenticated - user_id: 2
[25-Feb-2026 07:52:45 Europe/Berlin] isLoggedIn: User is authenticated - user_id: 2
[25-Feb-2026 07:57:50 Europe/Berlin] isLoggedIn: User is authenticated - user_id: 2
[25-Feb-2026 07:57:50 Europe/Berlin] isLoggedIn: User is authenticated - user_id: 2
[25-Feb-2026 07:57:50 Europe/Berlin] isLoggedIn: User is authenticated - user_id: 2
[25-Feb-2026 08:00:49 Europe/Berlin] isLoggedIn: User is authenticated - user_id: 2
[25-Feb-2026 08:00:49 Europe/Berlin] isLoggedIn: User is authenticated - user_id: 2
[25-Feb-2026 08:00:49 Europe/Berlin] isLoggedIn: User is authenticated - user_id: 2
[25-Feb-2026 08:00:50 Europe/Berlin] isLoggedIn: User is authenticated - user_id: 2
[25-Feb-2026 08:00:50 Europe/Berlin] isLoggedIn: User is authenticated - user_id: 2
[25-Feb-2026 08:00:50 Europe/Berlin] isLoggedIn: User is authenticated - user_id: 2
[25-Feb-2026 08:04:12 Europe/Berlin] isLoggedIn: User is authenticated - user_id: 2
[25-Feb-2026 08:04:12 Europe/Berlin] isLoggedIn: User is authenticated - user_id: 2
[25-Feb-2026 08:04:12 Europe/Berlin] isLoggedIn: User is authenticated - user_id: 2
[25-Feb-2026 08:04:20 Europe/Berlin] isLoggedIn: User is authenticated - user_id: 2
[25-Feb-2026 08:04:20 Europe/Berlin] isLoggedIn: User is authenticated - user_id: 2
[25-Feb-2026 08:04:20 Europe/Berlin] isLoggedIn: User is authenticated - user_id: 2
[25-Feb-2026 08:04:20 Europe/Berlin] isLoggedIn: User is authenticated - user_id: 2
[25-Feb-2026 08:04:27 Europe/Berlin] isLoggedIn: User is authenticated - user_id: 2
[25-Feb-2026 08:04:27 Europe/Berlin] isLoggedIn: User is authenticated - user_id: 2
[25-Feb-2026 08:04:27 Europe/Berlin] isLoggedIn: User is authenticated - user_id: 2
[25-Feb-2026 08:12:36 Europe/Berlin] isLoggedIn: User is authenticated - user_id: 2
[25-Feb-2026 08:12:36 Europe/Berlin] isLoggedIn: User is authenticated - user_id: 2
[25-Feb-2026 08:12:36 Europe/Berlin] isLoggedIn: User is authenticated - user_id: 2
[25-Feb-2026 08:12:38 Europe/Berlin] isLoggedIn: User is authenticated - user_id: 2
[25-Feb-2026 08:12:38 Europe/Berlin] isLoggedIn: User is authenticated - user_id: 2
[25-Feb-2026 08:12:38 Europe/Berlin] isLoggedIn: User is authenticated - user_id: 2
[25-Feb-2026 08:12:55 Europe/Berlin] isLoggedIn: User is authenticated - user_id: 2
[25-Feb-2026 08:12:55 Europe/Berlin] isLoggedIn: User is authenticated - user_id: 2
[26-Feb-2026 08:39:14 Europe/Berlin] Email_sender function called for email: vishalvarma0987654321@gmail.com
[26-Feb-2026 08:39:19 Europe/Berlin] OTP email sent successfully to vishalvarma0987654321@gmail.com with subject: Tutor Login OTP - Sunrise Yoga
[26-Feb-2026 08:39:54 Europe/Berlin] initUserSession - Setting session data: Array
(
    [user_id] => 2
    [username] => vishal varma
    [email] => Vishalvarma0987654321@gmail.com
    [role] => tutor
    [profile_picture] => 
    [login_time] => 1772091594
    [last_activity] => 1772091594
    [session_token] => d7d45265ae0a93b0a537fa882c6bdb8ac4156b095ee156b02e930b73227c2844
    [is_authenticated] => 1
)

[26-Feb-2026 08:39:54 Europe/Berlin] initUserSession completed. Final session data: Array
(
    [user_id] => 2
    [username] => vishal varma
    [email] => Vishalvarma0987654321@gmail.com
    [role] => tutor
    [profile_picture] => 
    [login_time] => 1772091594
    [last_activity] => 1772091594
    [session_token] => d7d45265ae0a93b0a537fa882c6bdb8ac4156b095ee156b02e930b73227c2844
    [is_authenticated] => 1
)

[26-Feb-2026 08:40:20 Europe/Berlin] isLoggedIn: User is authenticated - user_id: 2
[26-Feb-2026 08:40:20 Europe/Berlin] isLoggedIn: User is authenticated - user_id: 2
[26-Feb-2026 08:41:38 Europe/Berlin] isLoggedIn: User is authenticated - user_id: 2
[26-Feb-2026 08:41:38 Europe/Berlin] isLoggedIn: User is authenticated - user_id: 2
[26-Feb-2026 08:41:42 Europe/Berlin] isLoggedIn: User is authenticated - user_id: 2
[26-Feb-2026 08:41:42 Europe/Berlin] isLoggedIn: User is authenticated - user_id: 2
[26-Feb-2026 08:44:21 Europe/Berlin] isLoggedIn: User is authenticated - user_id: 2
[26-Feb-2026 08:44:21 Europe/Berlin] isLoggedIn: User is authenticated - user_id: 2
[26-Feb-2026 08:44:26 Europe/Berlin] isLoggedIn: User is authenticated - user_id: 2
[26-Feb-2026 08:44:26 Europe/Berlin] isLoggedIn: User is authenticated - user_id: 2
[26-Feb-2026 08:44:33 Europe/Berlin] isLoggedIn: User is authenticated - user_id: 2
[26-Feb-2026 08:44:33 Europe/Berlin] isLoggedIn: User is authenticated - user_id: 2
[26-Feb-2026 08:44:35 Europe/Berlin] isLoggedIn: User is authenticated - user_id: 2
[26-Feb-2026 08:44:35 Europe/Berlin] isLoggedIn: User is authenticated - user_id: 2
[26-Feb-2026 08:44:35 Europe/Berlin] isLoggedIn: User is authenticated - user_id: 2
[26-Feb-2026 08:49:31 Europe/Berlin] isLoggedIn: User is authenticated - user_id: 2
[26-Feb-2026 08:49:31 Europe/Berlin] isLoggedIn: User is authenticated - user_id: 2
[26-Feb-2026 08:49:31 Europe/Berlin] isLoggedIn: User is authenticated - user_id: 2
[26-Feb-2026 08:49:38 Europe/Berlin] isLoggedIn: User is authenticated - user_id: 2
[26-Feb-2026 08:49:38 Europe/Berlin] isLoggedIn: User is authenticated - user_id: 2
[26-Feb-2026 08:49:43 Europe/Berlin] isLoggedIn: User is authenticated - user_id: 2
[26-Feb-2026 08:49:43 Europe/Berlin] isLoggedIn: User is authenticated - user_id: 2
[26-Feb-2026 08:49:43 Europe/Berlin] isLoggedIn: User is authenticated - user_id: 2
[26-Feb-2026 08:49:59 Europe/Berlin] isLoggedIn: User is authenticated - user_id: 2
[26-Feb-2026 08:49:59 Europe/Berlin] isLoggedIn: User is authenticated - user_id: 2
[26-Feb-2026 08:49:59 Europe/Berlin] isLoggedIn: User is authenticated - user_id: 2
[26-Feb-2026 08:52:52 Europe/Berlin] isLoggedIn: User is authenticated - user_id: 2
[26-Feb-2026 08:52:52 Europe/Berlin] isLoggedIn: User is authenticated - user_id: 2
[26-Feb-2026 08:52:52 Europe/Berlin] isLoggedIn: User is authenticated - user_id: 2
[26-Feb-2026 08:52:55 Europe/Berlin] isLoggedIn: User is authenticated - user_id: 2
[26-Feb-2026 08:52:55 Europe/Berlin] isLoggedIn: User is authenticated - user_id: 2
[26-Feb-2026 08:52:55 Europe/Berlin] isLoggedIn: User is authenticated - user_id: 2
[26-Feb-2026 08:56:05 Europe/Berlin] isLoggedIn: User is authenticated - user_id: 2
[26-Feb-2026 08:56:05 Europe/Berlin] isLoggedIn: User is authenticated - user_id: 2
[26-Feb-2026 08:56:05 Europe/Berlin] isLoggedIn: User is authenticated - user_id: 2
[26-Feb-2026 08:56:08 Europe/Berlin] isLoggedIn: User is authenticated - user_id: 2
[26-Feb-2026 08:56:08 Europe/Berlin] isLoggedIn: User is authenticated - user_id: 2
[26-Feb-2026 08:56:08 Europe/Berlin] isLoggedIn: User is authenticated - user_id: 2
[26-Feb-2026 08:56:10 Europe/Berlin] isLoggedIn: User is authenticated - user_id: 2
[26-Feb-2026 08:56:10 Europe/Berlin] isLoggedIn: User is authenticated - user_id: 2
[26-Feb-2026 08:56:10 Europe/Berlin] isLoggedIn: User is authenticated - user_id: 2
[26-Feb-2026 09:00:09 Europe/Berlin] isLoggedIn: User is authenticated - user_id: 2
[26-Feb-2026 09:00:09 Europe/Berlin] isLoggedIn: User is authenticated - user_id: 2
[26-Feb-2026 09:00:14 Europe/Berlin] isLoggedIn: User is authenticated - user_id: 2
[26-Feb-2026 09:00:14 Europe/Berlin] isLoggedIn: User is authenticated - user_id: 2
[26-Feb-2026 09:00:14 Europe/Berlin] isLoggedIn: User is authenticated - user_id: 2
[26-Feb-2026 09:08:59 Europe/Berlin] isLoggedIn: User is authenticated - user_id: 2
[26-Feb-2026 09:08:59 Europe/Berlin] isLoggedIn: User is authenticated - user_id: 2
[26-Feb-2026 09:08:59 Europe/Berlin] isLoggedIn: User is authenticated - user_id: 2
[26-Feb-2026 09:09:00 Europe/Berlin] isLoggedIn: User is authenticated - user_id: 2
[26-Feb-2026 09:09:00 Europe/Berlin] isLoggedIn: User is authenticated - user_id: 2
[26-Feb-2026 09:09:00 Europe/Berlin] isLoggedIn: User is authenticated - user_id: 2
[26-Feb-2026 09:09:10 Europe/Berlin] isLoggedIn: User is authenticated - user_id: 2
[26-Feb-2026 09:09:10 Europe/Berlin] isLoggedIn: User is authenticated - user_id: 2
[26-Feb-2026 09:09:13 Europe/Berlin] isLoggedIn: User is authenticated - user_id: 2
[26-Feb-2026 09:09:13 Europe/Berlin] isLoggedIn: User is authenticated - user_id: 2
[26-Feb-2026 09:09:14 Europe/Berlin] isLoggedIn: User is authenticated - user_id: 2
[26-Feb-2026 09:09:14 Europe/Berlin] isLoggedIn: User is authenticated - user_id: 2
[26-Feb-2026 09:09:14 Europe/Berlin] isLoggedIn: User is authenticated - user_id: 2
[26-Feb-2026 09:09:15 Europe/Berlin] isLoggedIn: User is authenticated - user_id: 2
[26-Feb-2026 09:09:15 Europe/Berlin] isLoggedIn: User is authenticated - user_id: 2
[26-Feb-2026 09:09:15 Europe/Berlin] isLoggedIn: User is authenticated - user_id: 2
[26-Feb-2026 09:09:16 Europe/Berlin] isLoggedIn: User is authenticated - user_id: 2
[26-Feb-2026 09:09:16 Europe/Berlin] isLoggedIn: User is authenticated - user_id: 2
[26-Feb-2026 09:09:16 Europe/Berlin] isLoggedIn: User is authenticated - user_id: 2
[26-Feb-2026 09:09:17 Europe/Berlin] isLoggedIn: User is authenticated - user_id: 2
[26-Feb-2026 09:09:17 Europe/Berlin] isLoggedIn: User is authenticated - user_id: 2
[26-Feb-2026 09:09:17 Europe/Berlin] isLoggedIn: User is authenticated - user_id: 2
[26-Feb-2026 09:09:18 Europe/Berlin] isLoggedIn: User is authenticated - user_id: 2
[26-Feb-2026 09:09:18 Europe/Berlin] isLoggedIn: User is authenticated - user_id: 2
[26-Feb-2026 09:09:18 Europe/Berlin] isLoggedIn: User is authenticated - user_id: 2
[26-Feb-2026 09:09:19 Europe/Berlin] isLoggedIn: User is authenticated - user_id: 2
[26-Feb-2026 09:09:19 Europe/Berlin] isLoggedIn: User is authenticated - user_id: 2
[26-Feb-2026 09:09:19 Europe/Berlin] isLoggedIn: User is authenticated - user_id: 2
[26-Feb-2026 09:09:21 Europe/Berlin] isLoggedIn: User is authenticated - user_id: 2
[26-Feb-2026 09:09:21 Europe/Berlin] isLoggedIn: User is authenticated - user_id: 2
[26-Feb-2026 09:09:21 Europe/Berlin] isLoggedIn: User is authenticated - user_id: 2
[26-Feb-2026 09:09:22 Europe/Berlin] isLoggedIn: User is authenticated - user_id: 2
[26-Feb-2026 09:09:22 Europe/Berlin] isLoggedIn: User is authenticated - user_id: 2
[26-Feb-2026 09:09:22 Europe/Berlin] isLoggedIn: User is authenticated - user_id: 2
[26-Feb-2026 09:09:25 Europe/Berlin] isLoggedIn: User is authenticated - user_id: 2
[26-Feb-2026 09:09:25 Europe/Berlin] isLoggedIn: User is authenticated - user_id: 2
[26-Feb-2026 09:09:25 Europe/Berlin] isLoggedIn: User is authenticated - user_id: 2
[26-Feb-2026 09:12:25 Europe/Berlin] isLoggedIn: User is authenticated - user_id: 2
[26-Feb-2026 09:12:25 Europe/Berlin] isLoggedIn: User is authenticated - user_id: 2
[26-Feb-2026 09:12:25 Europe/Berlin] isLoggedIn: User is authenticated - user_id: 2
[26-Feb-2026 09:24:36 Europe/Berlin] isLoggedIn: User is authenticated - user_id: 2
[26-Feb-2026 09:24:36 Europe/Berlin] isLoggedIn: User is authenticated - user_id: 2
[26-Feb-2026 09:24:36 Europe/Berlin] isLoggedIn: User is authenticated - user_id: 2
[26-Feb-2026 09:24:42 Europe/Berlin] isLoggedIn: User is authenticated - user_id: 2
[26-Feb-2026 09:24:42 Europe/Berlin] isLoggedIn: User is authenticated - user_id: 2
[26-Feb-2026 09:24:42 Europe/Berlin] isLoggedIn: User is authenticated - user_id: 2
[26-Feb-2026 09:25:51 Europe/Berlin] isLoggedIn: User is authenticated - user_id: 2
[26-Feb-2026 09:25:51 Europe/Berlin] isLoggedIn: User is authenticated - user_id: 2
[26-Feb-2026 09:26:08 Europe/Berlin] isLoggedIn: User is authenticated - user_id: 2
[26-Feb-2026 09:26:08 Europe/Berlin] isLoggedIn: User is authenticated - user_id: 2
[26-Feb-2026 09:26:08 Europe/Berlin] isLoggedIn: User is authenticated - user_id: 2
[26-Feb-2026 09:26:11 Europe/Berlin] isLoggedIn: User is authenticated - user_id: 2
[26-Feb-2026 09:26:11 Europe/Berlin] isLoggedIn: User is authenticated - user_id: 2
[26-Feb-2026 09:26:12 Europe/Berlin] isLoggedIn: User is authenticated - user_id: 2
[26-Feb-2026 09:26:12 Europe/Berlin] isLoggedIn: User is authenticated - user_id: 2
[26-Feb-2026 09:26:12 Europe/Berlin] isLoggedIn: User is authenticated - user_id: 2
[26-Feb-2026 09:26:14 Europe/Berlin] isLoggedIn: User is authenticated - user_id: 2
[26-Feb-2026 09:26:14 Europe/Berlin] isLoggedIn: User is authenticated - user_id: 2
[26-Feb-2026 09:26:14 Europe/Berlin] isLoggedIn: User is authenticated - user_id: 2
[26-Feb-2026 09:26:16 Europe/Berlin] isLoggedIn: User is authenticated - user_id: 2
[26-Feb-2026 09:26:17 Europe/Berlin] isLoggedIn: User is authenticated - user_id: 2
[26-Feb-2026 09:26:17 Europe/Berlin] isLoggedIn: User is authenticated - user_id: 2
[26-Feb-2026 09:26:20 Europe/Berlin] isLoggedIn: User is authenticated - user_id: 2
[26-Feb-2026 09:26:20 Europe/Berlin] isLoggedIn: User is authenticated - user_id: 2
[26-Feb-2026 09:35:19 Europe/Berlin] isLoggedIn: User is authenticated - user_id: 2
[26-Feb-2026 09:35:19 Europe/Berlin] isLoggedIn: User is authenticated - user_id: 2
[26-Feb-2026 09:35:23 Europe/Berlin] isLoggedIn: User is authenticated - user_id: 2
[26-Feb-2026 09:35:23 Europe/Berlin] isLoggedIn: User is authenticated - user_id: 2
[26-Feb-2026 09:35:33 Europe/Berlin] isLoggedIn: User is authenticated - user_id: 2
[26-Feb-2026 09:35:33 Europe/Berlin] isLoggedIn: User is authenticated - user_id: 2
[26-Feb-2026 09:35:33 Europe/Berlin] isLoggedIn: User is authenticated - user_id: 2
[26-Feb-2026 09:35:37 Europe/Berlin] isLoggedIn: User is authenticated - user_id: 2
[26-Feb-2026 09:35:37 Europe/Berlin] isLoggedIn: User is authenticated - user_id: 2
[26-Feb-2026 09:35:37 Europe/Berlin] isLoggedIn: User is authenticated - user_id: 2
[26-Feb-2026 09:36:14 Europe/Berlin] isLoggedIn: User is authenticated - user_id: 2
[26-Feb-2026 09:36:14 Europe/Berlin] isLoggedIn: User is authenticated - user_id: 2
[26-Feb-2026 09:36:14 Europe/Berlin] isLoggedIn: User is authenticated - user_id: 2
[26-Feb-2026 09:36:25 Europe/Berlin] isLoggedIn: User is authenticated - user_id: 2
[26-Feb-2026 09:36:25 Europe/Berlin] isLoggedIn: User is authenticated - user_id: 2
[26-Feb-2026 09:36:25 Europe/Berlin] isLoggedIn: User is authenticated - user_id: 2
[26-Feb-2026 09:36:26 Europe/Berlin] isLoggedIn: User is authenticated - user_id: 2
[26-Feb-2026 09:36:26 Europe/Berlin] isLoggedIn: User is authenticated - user_id: 2
[26-Feb-2026 09:36:26 Europe/Berlin] isLoggedIn: User is authenticated - user_id: 2
[26-Feb-2026 09:36:45 Europe/Berlin] isLoggedIn: User is authenticated - user_id: 2
[26-Feb-2026 09:36:45 Europe/Berlin] isLoggedIn: User is authenticated - user_id: 2
[26-Feb-2026 09:36:45 Europe/Berlin] isLoggedIn: User is authenticated - user_id: 2
[26-Feb-2026 09:36:46 Europe/Berlin] isLoggedIn: User is authenticated - user_id: 2
[26-Feb-2026 09:36:46 Europe/Berlin] isLoggedIn: User is authenticated - user_id: 2
[26-Feb-2026 09:36:46 Europe/Berlin] isLoggedIn: User is authenticated - user_id: 2
[26-Feb-2026 09:36:46 Europe/Berlin] isLoggedIn: User is authenticated - user_id: 2
[26-Feb-2026 09:36:49 Europe/Berlin] isLoggedIn: User is authenticated - user_id: 2
[26-Feb-2026 09:36:49 Europe/Berlin] isLoggedIn: User is authenticated - user_id: 2
[26-Feb-2026 09:37:54 Europe/Berlin] isLoggedIn: User is authenticated - user_id: 2
[26-Feb-2026 09:37:54 Europe/Berlin] isLoggedIn: User is authenticated - user_id: 2
[26-Feb-2026 09:37:56 Europe/Berlin] isLoggedIn: User is authenticated - user_id: 2
[26-Feb-2026 09:37:56 Europe/Berlin] isLoggedIn: User is authenticated - user_id: 2
[26-Feb-2026 09:46:04 Europe/Berlin] isLoggedIn: User is authenticated - user_id: 2
[26-Feb-2026 09:46:04 Europe/Berlin] isLoggedIn: User is authenticated - user_id: 2
[26-Feb-2026 09:46:06 Europe/Berlin] isLoggedIn: User is authenticated - user_id: 2
[26-Feb-2026 09:46:06 Europe/Berlin] isLoggedIn: User is authenticated - user_id: 2
[26-Feb-2026 09:46:10 Europe/Berlin] isLoggedIn: User is authenticated - user_id: 2
[26-Feb-2026 09:46:10 Europe/Berlin] isLoggedIn: User is authenticated - user_id: 2
[26-Feb-2026 09:46:10 Europe/Berlin] isLoggedIn: User is authenticated - user_id: 2
[26-Feb-2026 09:46:40 Europe/Berlin] isLoggedIn: User is authenticated - user_id: 2
[26-Feb-2026 09:46:40 Europe/Berlin] isLoggedIn: User is authenticated - user_id: 2
[26-Feb-2026 09:46:41 Europe/Berlin] isLoggedIn: User is authenticated - user_id: 2
[26-Feb-2026 09:48:36 Europe/Berlin] isLoggedIn: User is authenticated - user_id: 2
[26-Feb-2026 09:48:36 Europe/Berlin] isLoggedIn: User is authenticated - user_id: 2
[26-Feb-2026 09:48:49 Europe/Berlin] isLoggedIn: User is authenticated - user_id: 2
[26-Feb-2026 09:48:49 Europe/Berlin] isLoggedIn: User is authenticated - user_id: 2
[26-Feb-2026 09:48:49 Europe/Berlin] isLoggedIn: User is authenticated - user_id: 2
[26-Feb-2026 09:48:55 Europe/Berlin] isLoggedIn: User is authenticated - user_id: 2
[26-Feb-2026 09:48:55 Europe/Berlin] isLoggedIn: User is authenticated - user_id: 2
[26-Feb-2026 09:48:55 Europe/Berlin] isLoggedIn: User is authenticated - user_id: 2
[26-Feb-2026 10:01:32 Europe/Berlin] isLoggedIn: User is authenticated - user_id: 2
[26-Feb-2026 10:01:32 Europe/Berlin] isLoggedIn: User is authenticated - user_id: 2
[26-Feb-2026 10:01:32 Europe/Berlin] isLoggedIn: User is authenticated - user_id: 2
[26-Feb-2026 10:06:52 Europe/Berlin] isLoggedIn: User is authenticated - user_id: 2
[26-Feb-2026 10:06:52 Europe/Berlin] isLoggedIn: User is authenticated - user_id: 2
[26-Feb-2026 10:06:52 Europe/Berlin] isLoggedIn: User is authenticated - user_id: 2
[26-Feb-2026 10:06:57 Europe/Berlin] isLoggedIn: User is authenticated - user_id: 2
[26-Feb-2026 10:06:57 Europe/Berlin] isLoggedIn: User is authenticated - user_id: 2
[26-Feb-2026 10:06:57 Europe/Berlin] isLoggedIn: User is authenticated - user_id: 2
[26-Feb-2026 10:10:27 Europe/Berlin] isLoggedIn: User is authenticated - user_id: 2
[26-Feb-2026 10:10:27 Europe/Berlin] isLoggedIn: User is authenticated - user_id: 2
[26-Feb-2026 10:10:27 Europe/Berlin] isLoggedIn: User is authenticated - user_id: 2
[26-Feb-2026 10:27:14 Europe/Berlin] isLoggedIn: User is authenticated - user_id: 2
[26-Feb-2026 10:27:14 Europe/Berlin] isLoggedIn: User is authenticated - user_id: 2
[26-Feb-2026 10:27:14 Europe/Berlin] isLoggedIn: User is authenticated - user_id: 2
[27-Feb-2026 07:56:12 Europe/Berlin] Email_sender function called for email: vishalvarma0987654321@gmail.com
[27-Feb-2026 07:56:17 Europe/Berlin] OTP email sent successfully to vishalvarma0987654321@gmail.com with subject: Tutor Login OTP - Sunrise Yoga
[27-Feb-2026 07:56:38 Europe/Berlin] initUserSession - Setting session data: Array
(
    [user_id] => 2
    [username] => vishal varma
    [email] => Vishalvarma0987654321@gmail.com
    [role] => tutor
    [profile_picture] => content/users/profile_pictures/1772095601_69a0087102d34.jpg
    [login_time] => 1772175398
    [last_activity] => 1772175398
    [session_token] => 4a11a172ac92bb70eb2610d4d551968caa4ecdecc262588dcd2eebc969d1cdb9
    [is_authenticated] => 1
)

[27-Feb-2026 07:56:38 Europe/Berlin] initUserSession completed. Final session data: Array
(
    [user_id] => 2
    [username] => vishal varma
    [email] => Vishalvarma0987654321@gmail.com
    [role] => tutor
    [profile_picture] => content/users/profile_pictures/1772095601_69a0087102d34.jpg
    [login_time] => 1772175398
    [last_activity] => 1772175398
    [session_token] => 4a11a172ac92bb70eb2610d4d551968caa4ecdecc262588dcd2eebc969d1cdb9
    [is_authenticated] => 1
)

[27-Feb-2026 07:57:01 Europe/Berlin] isLoggedIn: User is authenticated - user_id: 2
[27-Feb-2026 07:57:01 Europe/Berlin] isLoggedIn: User is authenticated - user_id: 2
[27-Feb-2026 07:57:01 Europe/Berlin] isLoggedIn: User is authenticated - user_id: 2
[27-Feb-2026 07:57:01 Europe/Berlin] isLoggedIn: User is authenticated - user_id: 2
[27-Feb-2026 07:59:04 Europe/Berlin] isLoggedIn: User is authenticated - user_id: 2
[27-Feb-2026 07:59:04 Europe/Berlin] isLoggedIn: User is authenticated - user_id: 2
[27-Feb-2026 07:59:11 Europe/Berlin] isLoggedIn: User is authenticated - user_id: 2
[27-Feb-2026 07:59:11 Europe/Berlin] isLoggedIn: User is authenticated - user_id: 2
[27-Feb-2026 07:59:11 Europe/Berlin] isLoggedIn: User is authenticated - user_id: 2
[27-Feb-2026 07:59:20 Europe/Berlin] isLoggedIn: User is authenticated - user_id: 2
[27-Feb-2026 07:59:20 Europe/Berlin] isLoggedIn: User is authenticated - user_id: 2
[27-Feb-2026 07:59:20 Europe/Berlin] isLoggedIn: User is authenticated - user_id: 2
[27-Feb-2026 07:59:21 Europe/Berlin] isLoggedIn: User is authenticated - user_id: 2
[27-Feb-2026 07:59:21 Europe/Berlin] isLoggedIn: User is authenticated - user_id: 2
[27-Feb-2026 07:59:21 Europe/Berlin] isLoggedIn: User is authenticated - user_id: 2
[27-Feb-2026 07:59:23 Europe/Berlin] isLoggedIn: User is authenticated - user_id: 2
[27-Feb-2026 07:59:23 Europe/Berlin] isLoggedIn: User is authenticated - user_id: 2
[27-Feb-2026 07:59:23 Europe/Berlin] isLoggedIn: User is authenticated - user_id: 2
[27-Feb-2026 07:59:25 Europe/Berlin] isLoggedIn: User is authenticated - user_id: 2
[27-Feb-2026 07:59:25 Europe/Berlin] isLoggedIn: User is authenticated - user_id: 2
[27-Feb-2026 07:59:25 Europe/Berlin] isLoggedIn: User is authenticated - user_id: 2
[27-Feb-2026 07:59:27 Europe/Berlin] isLoggedIn: User is authenticated - user_id: 2
[27-Feb-2026 07:59:27 Europe/Berlin] isLoggedIn: User is authenticated - user_id: 2
[27-Feb-2026 07:59:27 Europe/Berlin] isLoggedIn: User is authenticated - user_id: 2
[27-Feb-2026 07:59:30 Europe/Berlin] isLoggedIn: User is authenticated - user_id: 2
[27-Feb-2026 07:59:30 Europe/Berlin] isLoggedIn: User is authenticated - user_id: 2
[27-Feb-2026 07:59:30 Europe/Berlin] isLoggedIn: User is authenticated - user_id: 2
[27-Feb-2026 07:59:31 Europe/Berlin] isLoggedIn: User is authenticated - user_id: 2
[27-Feb-2026 07:59:31 Europe/Berlin] isLoggedIn: User is authenticated - user_id: 2
[27-Feb-2026 07:59:31 Europe/Berlin] isLoggedIn: User is authenticated - user_id: 2
[27-Feb-2026 07:59:34 Europe/Berlin] isLoggedIn: User is authenticated - user_id: 2
[27-Feb-2026 07:59:34 Europe/Berlin] isLoggedIn: User is authenticated - user_id: 2
[27-Feb-2026 07:59:34 Europe/Berlin] isLoggedIn: User is authenticated - user_id: 2
[27-Feb-2026 07:59:36 Europe/Berlin] isLoggedIn: User is authenticated - user_id: 2
[27-Feb-2026 07:59:36 Europe/Berlin] isLoggedIn: User is authenticated - user_id: 2
[27-Feb-2026 07:59:36 Europe/Berlin] isLoggedIn: User is authenticated - user_id: 2
[27-Feb-2026 07:59:37 Europe/Berlin] isLoggedIn: User is authenticated - user_id: 2
[27-Feb-2026 07:59:37 Europe/Berlin] isLoggedIn: User is authenticated - user_id: 2
[27-Feb-2026 07:59:37 Europe/Berlin] isLoggedIn: User is authenticated - user_id: 2
[27-Feb-2026 07:59:38 Europe/Berlin] isLoggedIn: User is authenticated - user_id: 2
[27-Feb-2026 07:59:39 Europe/Berlin] isLoggedIn: User is authenticated - user_id: 2
[27-Feb-2026 07:59:39 Europe/Berlin] isLoggedIn: User is authenticated - user_id: 2
[27-Feb-2026 07:59:40 Europe/Berlin] isLoggedIn: User is authenticated - user_id: 2
[27-Feb-2026 07:59:40 Europe/Berlin] isLoggedIn: User is authenticated - user_id: 2
[27-Feb-2026 07:59:40 Europe/Berlin] isLoggedIn: User is authenticated - user_id: 2
[27-Feb-2026 07:59:42 Europe/Berlin] isLoggedIn: User is authenticated - user_id: 2
[27-Feb-2026 07:59:42 Europe/Berlin] isLoggedIn: User is authenticated - user_id: 2
[27-Feb-2026 07:59:42 Europe/Berlin] isLoggedIn: User is authenticated - user_id: 2
[27-Feb-2026 07:59:44 Europe/Berlin] isLoggedIn: User is authenticated - user_id: 2
[27-Feb-2026 07:59:44 Europe/Berlin] isLoggedIn: User is authenticated - user_id: 2
[27-Feb-2026 07:59:44 Europe/Berlin] isLoggedIn: User is authenticated - user_id: 2
[27-Feb-2026 07:59:46 Europe/Berlin] isLoggedIn: User is authenticated - user_id: 2
[27-Feb-2026 07:59:46 Europe/Berlin] isLoggedIn: User is authenticated - user_id: 2
[27-Feb-2026 07:59:46 Europe/Berlin] isLoggedIn: User is authenticated - user_id: 2
[27-Feb-2026 07:59:49 Europe/Berlin] isLoggedIn: User is authenticated - user_id: 2
[27-Feb-2026 07:59:49 Europe/Berlin] isLoggedIn: User is authenticated - user_id: 2
[27-Feb-2026 07:59:49 Europe/Berlin] isLoggedIn: User is authenticated - user_id: 2
[27-Feb-2026 07:59:51 Europe/Berlin] isLoggedIn: User is authenticated - user_id: 2
[27-Feb-2026 07:59:51 Europe/Berlin] isLoggedIn: User is authenticated - user_id: 2
[27-Feb-2026 07:59:53 Europe/Berlin] isLoggedIn: User is authenticated - user_id: 2
[27-Feb-2026 07:59:53 Europe/Berlin] isLoggedIn: User is authenticated - user_id: 2
[27-Feb-2026 07:59:53 Europe/Berlin] isLoggedIn: User is authenticated - user_id: 2
[27-Feb-2026 07:59:54 Europe/Berlin] isLoggedIn: User is authenticated - user_id: 2
[27-Feb-2026 07:59:54 Europe/Berlin] isLoggedIn: User is authenticated - user_id: 2
[27-Feb-2026 07:59:55 Europe/Berlin] isLoggedIn: User is authenticated - user_id: 2
[27-Feb-2026 07:59:55 Europe/Berlin] isLoggedIn: User is authenticated - user_id: 2
[27-Feb-2026 07:59:55 Europe/Berlin] isLoggedIn: User is authenticated - user_id: 2
[27-Feb-2026 07:59:57 Europe/Berlin] isLoggedIn: User is authenticated - user_id: 2
[27-Feb-2026 07:59:57 Europe/Berlin] isLoggedIn: User is authenticated - user_id: 2
[27-Feb-2026 07:59:58 Europe/Berlin] isLoggedIn: User is authenticated - user_id: 2
[27-Feb-2026 07:59:59 Europe/Berlin] isLoggedIn: User is authenticated - user_id: 2
[27-Feb-2026 07:59:59 Europe/Berlin] isLoggedIn: User is authenticated - user_id: 2
[27-Feb-2026 08:00:00 Europe/Berlin] isLoggedIn: User is authenticated - user_id: 2
[27-Feb-2026 08:00:00 Europe/Berlin] isLoggedIn: User is authenticated - user_id: 2
[27-Feb-2026 08:00:01 Europe/Berlin] isLoggedIn: User is authenticated - user_id: 2
[27-Feb-2026 08:00:01 Europe/Berlin] isLoggedIn: User is authenticated - user_id: 2
[27-Feb-2026 08:00:01 Europe/Berlin] isLoggedIn: User is authenticated - user_id: 2
[27-Feb-2026 08:00:02 Europe/Berlin] isLoggedIn: User is authenticated - user_id: 2
[27-Feb-2026 08:00:02 Europe/Berlin] isLoggedIn: User is authenticated - user_id: 2
[27-Feb-2026 08:00:02 Europe/Berlin] isLoggedIn: User is authenticated - user_id: 2
[27-Feb-2026 08:00:03 Europe/Berlin] isLoggedIn: User is authenticated - user_id: 2
[27-Feb-2026 08:00:03 Europe/Berlin] isLoggedIn: User is authenticated - user_id: 2
[27-Feb-2026 08:00:03 Europe/Berlin] isLoggedIn: User is authenticated - user_id: 2
[27-Feb-2026 08:00:05 Europe/Berlin] isLoggedIn: User is authenticated - user_id: 2
[27-Feb-2026 08:00:05 Europe/Berlin] isLoggedIn: User is authenticated - user_id: 2
[27-Feb-2026 08:02:08 Europe/Berlin] isLoggedIn: User is authenticated - user_id: 2
[27-Feb-2026 08:02:08 Europe/Berlin] isLoggedIn: User is authenticated - user_id: 2
[27-Feb-2026 08:02:16 Europe/Berlin] isLoggedIn: User is authenticated - user_id: 2
[27-Feb-2026 08:02:16 Europe/Berlin] isLoggedIn: User is authenticated - user_id: 2
[27-Feb-2026 08:02:16 Europe/Berlin] isLoggedIn: User is authenticated - user_id: 2
[27-Feb-2026 08:02:16 Europe/Berlin] isLoggedIn: User is authenticated - user_id: 2
[27-Feb-2026 08:02:24 Europe/Berlin] isLoggedIn: User is authenticated - user_id: 2
[27-Feb-2026 08:02:24 Europe/Berlin] isLoggedIn: User is authenticated - user_id: 2
[27-Feb-2026 08:02:24 Europe/Berlin] isLoggedIn: User is authenticated - user_id: 2
[27-Feb-2026 08:02:24 Europe/Berlin] isLoggedIn: User is authenticated - user_id: 2
[27-Feb-2026 08:03:01 Europe/Berlin] isLoggedIn: User is authenticated - user_id: 2
[27-Feb-2026 08:03:01 Europe/Berlin] isLoggedIn: User is authenticated - user_id: 2
[27-Feb-2026 08:03:01 Europe/Berlin] isLoggedIn: User is authenticated - user_id: 2
[27-Feb-2026 08:03:01 Europe/Berlin] isLoggedIn: User is authenticated - user_id: 2
[27-Feb-2026 08:03:10 Europe/Berlin] isLoggedIn: User is authenticated - user_id: 2
[27-Feb-2026 08:03:10 Europe/Berlin] isLoggedIn: User is authenticated - user_id: 2
[27-Feb-2026 08:03:13 Europe/Berlin] isLoggedIn: User is authenticated - user_id: 2
[27-Feb-2026 08:03:13 Europe/Berlin] isLoggedIn: User is authenticated - user_id: 2
[27-Feb-2026 08:03:13 Europe/Berlin] isLoggedIn: User is authenticated - user_id: 2
[27-Feb-2026 08:03:13 Europe/Berlin] isLoggedIn: User is authenticated - user_id: 2
[27-Feb-2026 08:04:42 Europe/Berlin] isLoggedIn: User is authenticated - user_id: 2
[27-Feb-2026 08:04:42 Europe/Berlin] isLoggedIn: User is authenticated - user_id: 2
[27-Feb-2026 08:04:42 Europe/Berlin] isLoggedIn: User is authenticated - user_id: 2
[27-Feb-2026 08:04:43 Europe/Berlin] isLoggedIn: User is authenticated - user_id: 2
[27-Feb-2026 08:04:45 Europe/Berlin] isLoggedIn: User is authenticated - user_id: 2
[27-Feb-2026 08:04:45 Europe/Berlin] isLoggedIn: User is authenticated - user_id: 2
[27-Feb-2026 08:06:31 Europe/Berlin] isLoggedIn: User is authenticated - user_id: 2
[27-Feb-2026 08:06:31 Europe/Berlin] isLoggedIn: User is authenticated - user_id: 2
[27-Feb-2026 08:06:31 Europe/Berlin] isLoggedIn: User is authenticated - user_id: 2
[27-Feb-2026 08:06:31 Europe/Berlin] isLoggedIn: User is authenticated - user_id: 2
[27-Feb-2026 08:06:33 Europe/Berlin] isLoggedIn: User is authenticated - user_id: 2
[27-Feb-2026 08:06:33 Europe/Berlin] isLoggedIn: User is authenticated - user_id: 2
[27-Feb-2026 08:06:33 Europe/Berlin] isLoggedIn: User is authenticated - user_id: 2
[27-Feb-2026 08:06:33 Europe/Berlin] isLoggedIn: User is authenticated - user_id: 2
[27-Feb-2026 08:06:34 Europe/Berlin] isLoggedIn: User is authenticated - user_id: 2
[27-Feb-2026 08:06:34 Europe/Berlin] isLoggedIn: User is authenticated - user_id: 2
[27-Feb-2026 08:06:34 Europe/Berlin] isLoggedIn: User is authenticated - user_id: 2
[27-Feb-2026 08:06:34 Europe/Berlin] isLoggedIn: User is authenticated - user_id: 2
[27-Feb-2026 08:06:38 Europe/Berlin] isLoggedIn: User is authenticated - user_id: 2
[27-Feb-2026 08:06:38 Europe/Berlin] isLoggedIn: User is authenticated - user_id: 2
[27-Feb-2026 08:06:41 Europe/Berlin] isLoggedIn: User is authenticated - user_id: 2
[27-Feb-2026 08:06:42 Europe/Berlin] isLoggedIn: User is authenticated - user_id: 2
[27-Feb-2026 08:06:42 Europe/Berlin] isLoggedIn: User is authenticated - user_id: 2
[27-Feb-2026 08:06:43 Europe/Berlin] isLoggedIn: User is authenticated - user_id: 2
[27-Feb-2026 08:06:43 Europe/Berlin] isLoggedIn: User is authenticated - user_id: 2
[27-Feb-2026 08:06:43 Europe/Berlin] isLoggedIn: User is authenticated - user_id: 2
[27-Feb-2026 08:06:43 Europe/Berlin] isLoggedIn: User is authenticated - user_id: 2
[27-Feb-2026 08:06:48 Europe/Berlin] isLoggedIn: User is authenticated - user_id: 2
[27-Feb-2026 08:06:48 Europe/Berlin] isLoggedIn: User is authenticated - user_id: 2
[27-Feb-2026 08:06:48 Europe/Berlin] isLoggedIn: User is authenticated - user_id: 2
[27-Feb-2026 08:08:56 Europe/Berlin] isLoggedIn: User is authenticated - user_id: 2
[27-Feb-2026 08:08:56 Europe/Berlin] isLoggedIn: User is authenticated - user_id: 2
[27-Feb-2026 08:08:56 Europe/Berlin] isLoggedIn: User is authenticated - user_id: 2
[27-Feb-2026 08:08:58 Europe/Berlin] isLoggedIn: User is authenticated - user_id: 2
[27-Feb-2026 08:08:58 Europe/Berlin] isLoggedIn: User is authenticated - user_id: 2
[27-Feb-2026 08:08:58 Europe/Berlin] isLoggedIn: User is authenticated - user_id: 2
[27-Feb-2026 08:10:18 Europe/Berlin] isLoggedIn: User is authenticated - user_id: 2
[27-Feb-2026 08:10:18 Europe/Berlin] isLoggedIn: User is authenticated - user_id: 2
[27-Feb-2026 08:10:18 Europe/Berlin] isLoggedIn: User is authenticated - user_id: 2
[27-Feb-2026 08:13:54 Europe/Berlin] isLoggedIn: User is authenticated - user_id: 2
[27-Feb-2026 08:13:54 Europe/Berlin] isLoggedIn: User is authenticated - user_id: 2
[27-Feb-2026 08:13:54 Europe/Berlin] isLoggedIn: User is authenticated - user_id: 2
[27-Feb-2026 08:15:51 Europe/Berlin] isLoggedIn: User is authenticated - user_id: 2
[27-Feb-2026 08:15:51 Europe/Berlin] isLoggedIn: User is authenticated - user_id: 2
[27-Feb-2026 08:15:51 Europe/Berlin] isLoggedIn: User is authenticated - user_id: 2
[27-Feb-2026 08:16:04 Europe/Berlin] isLoggedIn: User is authenticated - user_id: 2
[27-Feb-2026 08:16:04 Europe/Berlin] isLoggedIn: User is authenticated - user_id: 2
[27-Feb-2026 08:16:05 Europe/Berlin] isLoggedIn: User is authenticated - user_id: 2
[27-Feb-2026 08:16:05 Europe/Berlin] isLoggedIn: User is authenticated - user_id: 2
[27-Feb-2026 08:16:05 Europe/Berlin] isLoggedIn: User is authenticated - user_id: 2
[27-Feb-2026 08:16:07 Europe/Berlin] isLoggedIn: User is authenticated - user_id: 2
[27-Feb-2026 08:16:07 Europe/Berlin] isLoggedIn: User is authenticated - user_id: 2
[27-Feb-2026 08:16:08 Europe/Berlin] isLoggedIn: User is authenticated - user_id: 2
[27-Feb-2026 08:16:08 Europe/Berlin] isLoggedIn: User is authenticated - user_id: 2
[27-Feb-2026 08:16:08 Europe/Berlin] isLoggedIn: User is authenticated - user_id: 2
[27-Feb-2026 08:16:09 Europe/Berlin] isLoggedIn: User is authenticated - user_id: 2
[27-Feb-2026 08:16:09 Europe/Berlin] isLoggedIn: User is authenticated - user_id: 2
[27-Feb-2026 08:16:09 Europe/Berlin] isLoggedIn: User is authenticated - user_id: 2
[27-Feb-2026 08:16:11 Europe/Berlin] isLoggedIn: User is authenticated - user_id: 2
[27-Feb-2026 08:16:11 Europe/Berlin] isLoggedIn: User is authenticated - user_id: 2
[27-Feb-2026 08:16:11 Europe/Berlin] isLoggedIn: User is authenticated - user_id: 2
[27-Feb-2026 08:18:33 Europe/Berlin] isLoggedIn: User is authenticated - user_id: 2
[27-Feb-2026 08:18:33 Europe/Berlin] isLoggedIn: User is authenticated - user_id: 2
[27-Feb-2026 08:18:33 Europe/Berlin] isLoggedIn: User is authenticated - user_id: 2
[27-Feb-2026 08:20:43 Europe/Berlin] isLoggedIn: User is authenticated - user_id: 2
[27-Feb-2026 08:20:43 Europe/Berlin] isLoggedIn: User is authenticated - user_id: 2
[27-Feb-2026 08:20:43 Europe/Berlin] isLoggedIn: User is authenticated - user_id: 2
[27-Feb-2026 08:22:02 Europe/Berlin] isLoggedIn: User is authenticated - user_id: 2
[27-Feb-2026 08:22:02 Europe/Berlin] isLoggedIn: User is authenticated - user_id: 2
[27-Feb-2026 08:22:02 Europe/Berlin] isLoggedIn: User is authenticated - user_id: 2
[27-Feb-2026 11:16:54 Europe/Berlin] isLoggedIn: Session expired - timeout exceeded
[27-Feb-2026 11:16:55 Europe/Berlin] destroyUserSession: Session destroyed and new clean session started
[27-Feb-2026 11:17:42 Europe/Berlin] Email_sender function called for email: vishalvarma0987654321@gmail.com
[27-Feb-2026 11:17:47 Europe/Berlin] OTP email sent successfully to vishalvarma0987654321@gmail.com with subject: Tutor Login OTP - Sunrise Yoga
[27-Feb-2026 11:18:48 Europe/Berlin] initUserSession - Setting session data: Array
(
    [user_id] => 2
    [username] => vishal varma
    [email] => Vishalvarma0987654321@gmail.com
    [role] => tutor
    [profile_picture] => content/users/profile_pictures/1772095601_69a0087102d34.jpg
    [login_time] => 1772187528
    [last_activity] => 1772187528
    [session_token] => 51417583e1cd188fef6fec569028fd17ee2ed2ea6309755c5ae510dd3ebca9c9
    [is_authenticated] => 1
)

[27-Feb-2026 11:18:48 Europe/Berlin] initUserSession completed. Final session data: Array
(
    [user_id] => 2
    [username] => vishal varma
    [email] => Vishalvarma0987654321@gmail.com
    [role] => tutor
    [profile_picture] => content/users/profile_pictures/1772095601_69a0087102d34.jpg
    [login_time] => 1772187528
    [last_activity] => 1772187528
    [session_token] => 51417583e1cd188fef6fec569028fd17ee2ed2ea6309755c5ae510dd3ebca9c9
    [is_authenticated] => 1
)

[27-Feb-2026 11:18:51 Europe/Berlin] isLoggedIn: User is authenticated - user_id: 2
[27-Feb-2026 11:19:01 Europe/Berlin] isLoggedIn: User is authenticated - user_id: 2
[27-Feb-2026 11:19:03 Europe/Berlin] isLoggedIn: User is authenticated - user_id: 2
[27-Feb-2026 11:19:23 Europe/Berlin] isLoggedIn: User is authenticated - user_id: 2
[27-Feb-2026 11:19:23 Europe/Berlin] destroyUserSession: Session destroyed and new clean session started
[01-Mar-2026 07:54:43 Europe/Berlin] isLoggedIn: Missing required session variables
[01-Mar-2026 07:54:43 Europe/Berlin] isLoggedIn: Missing required session variables
[01-Mar-2026 07:54:43 Europe/Berlin] isLoggedIn: Missing required session variables
[01-Mar-2026 07:55:30 Europe/Berlin] Email_sender function called for email: vishalvarma0987654321@gmail.com
[01-Mar-2026 07:55:35 Europe/Berlin] OTP email sent successfully to vishalvarma0987654321@gmail.com with subject: Tutor Login OTP - Sunrise Yoga
[01-Mar-2026 07:55:58 Europe/Berlin] initUserSession - Setting session data: Array
(
    [user_id] => 2
    [username] => vishal varma
    [email] => Vishalvarma0987654321@gmail.com
    [role] => tutor
    [profile_picture] => content/users/profile_pictures/1772095601_69a0087102d34.jpg
    [login_time] => 1772348158
    [last_activity] => 1772348158
    [session_token] => 66b0f80698a229b5493c4ce120c1a66b1bcd2506584912bace6d501f9a6ef939
    [is_authenticated] => 1
)

[01-Mar-2026 07:55:58 Europe/Berlin] initUserSession completed. Final session data: Array
(
    [user_id] => 2
    [username] => vishal varma
    [email] => Vishalvarma0987654321@gmail.com
    [role] => tutor
    [profile_picture] => content/users/profile_pictures/1772095601_69a0087102d34.jpg
    [login_time] => 1772348158
    [last_activity] => 1772348158
    [session_token] => 66b0f80698a229b5493c4ce120c1a66b1bcd2506584912bace6d501f9a6ef939
    [is_authenticated] => 1
)

[01-Mar-2026 07:56:05 Europe/Berlin] isLoggedIn: User is authenticated - user_id: 2
[01-Mar-2026 07:56:05 Europe/Berlin] isLoggedIn: User is authenticated - user_id: 2
[01-Mar-2026 07:56:07 Europe/Berlin] isLoggedIn: User is authenticated - user_id: 2
[01-Mar-2026 07:56:07 Europe/Berlin] isLoggedIn: User is authenticated - user_id: 2
[01-Mar-2026 07:56:07 Europe/Berlin] isLoggedIn: User is authenticated - user_id: 2
[01-Mar-2026 07:56:12 Europe/Berlin] isLoggedIn: User is authenticated - user_id: 2
[01-Mar-2026 07:56:13 Europe/Berlin] isLoggedIn: User is authenticated - user_id: 2
[01-Mar-2026 07:56:13 Europe/Berlin] isLoggedIn: User is authenticated - user_id: 2
[01-Mar-2026 07:56:20 Europe/Berlin] isLoggedIn: User is authenticated - user_id: 2
[01-Mar-2026 07:56:20 Europe/Berlin] isLoggedIn: User is authenticated - user_id: 2
[01-Mar-2026 07:56:20 Europe/Berlin] isLoggedIn: User is authenticated - user_id: 2
[01-Mar-2026 07:56:23 Europe/Berlin] isLoggedIn: User is authenticated - user_id: 2
[01-Mar-2026 07:56:23 Europe/Berlin] isLoggedIn: User is authenticated - user_id: 2
[01-Mar-2026 07:56:23 Europe/Berlin] isLoggedIn: User is authenticated - user_id: 2
[01-Mar-2026 07:56:29 Europe/Berlin] isLoggedIn: User is authenticated - user_id: 2
[01-Mar-2026 07:56:29 Europe/Berlin] isLoggedIn: User is authenticated - user_id: 2
[01-Mar-2026 07:56:29 Europe/Berlin] isLoggedIn: User is authenticated - user_id: 2
[01-Mar-2026 07:56:32 Europe/Berlin] isLoggedIn: User is authenticated - user_id: 2
[01-Mar-2026 07:56:32 Europe/Berlin] isLoggedIn: User is authenticated - user_id: 2
[01-Mar-2026 07:56:32 Europe/Berlin] isLoggedIn: User is authenticated - user_id: 2
[01-Mar-2026 07:56:35 Europe/Berlin] isLoggedIn: User is authenticated - user_id: 2
[01-Mar-2026 07:56:35 Europe/Berlin] isLoggedIn: User is authenticated - user_id: 2
[01-Mar-2026 07:56:35 Europe/Berlin] isLoggedIn: User is authenticated - user_id: 2
[01-Mar-2026 07:56:38 Europe/Berlin] isLoggedIn: User is authenticated - user_id: 2
[01-Mar-2026 07:56:38 Europe/Berlin] isLoggedIn: User is authenticated - user_id: 2
[01-Mar-2026 07:56:39 Europe/Berlin] isLoggedIn: User is authenticated - user_id: 2
[01-Mar-2026 07:56:39 Europe/Berlin] isLoggedIn: User is authenticated - user_id: 2
[01-Mar-2026 07:56:39 Europe/Berlin] isLoggedIn: User is authenticated - user_id: 2
[01-Mar-2026 07:56:40 Europe/Berlin] isLoggedIn: User is authenticated - user_id: 2
[01-Mar-2026 07:56:40 Europe/Berlin] isLoggedIn: User is authenticated - user_id: 2
[01-Mar-2026 07:56:40 Europe/Berlin] isLoggedIn: User is authenticated - user_id: 2
[01-Mar-2026 07:56:41 Europe/Berlin] isLoggedIn: User is authenticated - user_id: 2
[01-Mar-2026 07:56:41 Europe/Berlin] isLoggedIn: User is authenticated - user_id: 2
[01-Mar-2026 07:56:41 Europe/Berlin] isLoggedIn: User is authenticated - user_id: 2
[01-Mar-2026 07:56:42 Europe/Berlin] isLoggedIn: User is authenticated - user_id: 2
[01-Mar-2026 07:56:42 Europe/Berlin] isLoggedIn: User is authenticated - user_id: 2
[01-Mar-2026 07:56:43 Europe/Berlin] isLoggedIn: User is authenticated - user_id: 2
[01-Mar-2026 08:01:57 Europe/Berlin] isLoggedIn: User is authenticated - user_id: 2
[01-Mar-2026 08:01:57 Europe/Berlin] isLoggedIn: User is authenticated - user_id: 2
[01-Mar-2026 08:01:57 Europe/Berlin] isLoggedIn: User is authenticated - user_id: 2
[01-Mar-2026 08:02:05 Europe/Berlin] isLoggedIn: User is authenticated - user_id: 2
[01-Mar-2026 08:02:05 Europe/Berlin] isLoggedIn: User is authenticated - user_id: 2
[01-Mar-2026 08:02:05 Europe/Berlin] isLoggedIn: User is authenticated - user_id: 2
[01-Mar-2026 08:02:22 Europe/Berlin] isLoggedIn: User is authenticated - user_id: 2
[01-Mar-2026 08:02:22 Europe/Berlin] isLoggedIn: User is authenticated - user_id: 2
[01-Mar-2026 08:02:22 Europe/Berlin] isLoggedIn: User is authenticated - user_id: 2
[01-Mar-2026 08:02:22 Europe/Berlin] isLoggedIn: User is authenticated - user_id: 2
[01-Mar-2026 08:02:24 Europe/Berlin] isLoggedIn: User is authenticated - user_id: 2
[01-Mar-2026 08:02:24 Europe/Berlin] isLoggedIn: User is authenticated - user_id: 2
[01-Mar-2026 08:03:54 Europe/Berlin] isLoggedIn: User is authenticated - user_id: 2
[01-Mar-2026 08:03:54 Europe/Berlin] isLoggedIn: User is authenticated - user_id: 2
[01-Mar-2026 08:06:36 Europe/Berlin] isLoggedIn: User is authenticated - user_id: 2
[01-Mar-2026 08:06:36 Europe/Berlin] isLoggedIn: User is authenticated - user_id: 2
[01-Mar-2026 08:06:39 Europe/Berlin] isLoggedIn: User is authenticated - user_id: 2
[01-Mar-2026 08:06:39 Europe/Berlin] isLoggedIn: User is authenticated - user_id: 2
[01-Mar-2026 08:06:43 Europe/Berlin] isLoggedIn: User is authenticated - user_id: 2
[01-Mar-2026 08:06:43 Europe/Berlin] isLoggedIn: User is authenticated - user_id: 2
[01-Mar-2026 08:06:53 Europe/Berlin] isLoggedIn: User is authenticated - user_id: 2
[01-Mar-2026 08:06:53 Europe/Berlin] isLoggedIn: User is authenticated - user_id: 2
[01-Mar-2026 08:07:01 Europe/Berlin] isLoggedIn: User is authenticated - user_id: 2
[01-Mar-2026 08:07:01 Europe/Berlin] isLoggedIn: User is authenticated - user_id: 2
[01-Mar-2026 08:07:01 Europe/Berlin] isLoggedIn: User is authenticated - user_id: 2
[01-Mar-2026 08:07:26 Europe/Berlin] isLoggedIn: User is authenticated - user_id: 2
[01-Mar-2026 08:07:26 Europe/Berlin] isLoggedIn: User is authenticated - user_id: 2
[01-Mar-2026 08:07:26 Europe/Berlin] isLoggedIn: User is authenticated - user_id: 2
[01-Mar-2026 08:13:47 Europe/Berlin] isLoggedIn: User is authenticated - user_id: 2
[01-Mar-2026 08:13:47 Europe/Berlin] isLoggedIn: User is authenticated - user_id: 2
[01-Mar-2026 08:13:47 Europe/Berlin] isLoggedIn: User is authenticated - user_id: 2
[01-Mar-2026 08:13:50 Europe/Berlin] isLoggedIn: User is authenticated - user_id: 2
[01-Mar-2026 08:13:51 Europe/Berlin] isLoggedIn: User is authenticated - user_id: 2
[01-Mar-2026 08:13:51 Europe/Berlin] isLoggedIn: User is authenticated - user_id: 2
[01-Mar-2026 08:13:53 Europe/Berlin] isLoggedIn: User is authenticated - user_id: 2
[01-Mar-2026 08:13:53 Europe/Berlin] isLoggedIn: User is authenticated - user_id: 2
[01-Mar-2026 08:13:53 Europe/Berlin] isLoggedIn: User is authenticated - user_id: 2
[01-Mar-2026 08:13:55 Europe/Berlin] isLoggedIn: User is authenticated - user_id: 2
[01-Mar-2026 08:13:55 Europe/Berlin] isLoggedIn: User is authenticated - user_id: 2
[01-Mar-2026 08:13:55 Europe/Berlin] isLoggedIn: User is authenticated - user_id: 2
[01-Mar-2026 08:15:42 Europe/Berlin] isLoggedIn: User is authenticated - user_id: 2
[01-Mar-2026 08:15:42 Europe/Berlin] isLoggedIn: User is authenticated - user_id: 2
[01-Mar-2026 08:15:42 Europe/Berlin] isLoggedIn: User is authenticated - user_id: 2
[01-Mar-2026 08:15:48 Europe/Berlin] isLoggedIn: User is authenticated - user_id: 2
[01-Mar-2026 08:15:48 Europe/Berlin] isLoggedIn: User is authenticated - user_id: 2
[01-Mar-2026 08:15:48 Europe/Berlin] isLoggedIn: User is authenticated - user_id: 2
[01-Mar-2026 08:15:50 Europe/Berlin] isLoggedIn: User is authenticated - user_id: 2
[01-Mar-2026 08:15:50 Europe/Berlin] isLoggedIn: User is authenticated - user_id: 2
[01-Mar-2026 08:15:50 Europe/Berlin] isLoggedIn: User is authenticated - user_id: 2
[01-Mar-2026 08:15:53 Europe/Berlin] isLoggedIn: User is authenticated - user_id: 2
[01-Mar-2026 08:15:53 Europe/Berlin] isLoggedIn: User is authenticated - user_id: 2
[01-Mar-2026 08:15:57 Europe/Berlin] isLoggedIn: User is authenticated - user_id: 2
[01-Mar-2026 08:16:01 Europe/Berlin] isLoggedIn: User is authenticated - user_id: 2
[01-Mar-2026 08:16:01 Europe/Berlin] destroyUserSession: Session destroyed and new clean session started
[01-Mar-2026 08:20:30 Europe/Berlin] Uncaught Exception: ini_set(): Session ini settings cannot be changed when a session is active in C:\xampp\htdocs\work\project\Projects-php-mongo-\php\session_check.php on line 5
[01-Mar-2026 08:21:27 Europe/Berlin] Uncaught Exception: ini_set(): Session ini settings cannot be changed when a session is active in C:\xampp\htdocs\work\project\Projects-php-mongo-\php\session_check.php on line 5
[01-Mar-2026 08:26:10 Europe/Berlin] Login OTP verified for user: Array
(
    [id] => 23
    [username] => Vishal
    [email] => m19vishal@gmail.com
    [role] => admin
    [image] => 1763889724_6922d23c535c8.jpg
    [password] => $2y$10$UPlN3sqEAL7LMK.vrdD8Xu3f1HO.YvsoimUSTFQF8uC45JqoypQg.
    [created_at] => 2025-11-23 09:54:17
)

[01-Mar-2026 08:26:10 Europe/Berlin] Mapped user session data: Array
(
    [id] => 23
    [username] => Vishal
    [email] => m19vishal@gmail.com
    [role] => admin
)

[01-Mar-2026 08:26:10 Europe/Berlin] initUserSession - Setting session data: Array
(
    [user_id] => 23
    [username] => Vishal
    [email] => m19vishal@gmail.com
    [role] => admin
    [profile_picture] => 
    [login_time] => 1772349970
    [last_activity] => 1772349970
    [session_token] => 39f9d7b9036abc1911c2bf7adbf807cacb0e5f0ca65033d69d47244ed1a5066f
    [is_authenticated] => 1
)

[01-Mar-2026 08:26:10 Europe/Berlin] initUserSession completed. Final session data: Array
(
    [user_id] => 23
    [username] => Vishal
    [email] => m19vishal@gmail.com
    [role] => admin
    [profile_picture] => 
    [login_time] => 1772349970
    [last_activity] => 1772349970
    [session_token] => 39f9d7b9036abc1911c2bf7adbf807cacb0e5f0ca65033d69d47244ed1a5066f
    [is_authenticated] => 1
)

[01-Mar-2026 08:26:10 Europe/Berlin] Session after initUserSession: Array
(
    [user_id] => 23
    [username] => Vishal
    [email] => m19vishal@gmail.com
    [role] => admin
    [profile_picture] => 
    [login_time] => 1772349970
    [last_activity] => 1772349970
    [session_token] => 39f9d7b9036abc1911c2bf7adbf807cacb0e5f0ca65033d69d47244ed1a5066f
    [is_authenticated] => 1
)

[01-Mar-2026 08:26:17 Europe/Berlin] isLoggedIn: User is authenticated - user_id: 23
[01-Mar-2026 08:26:17 Europe/Berlin] isLoggedIn: User is authenticated - user_id: 23
[01-Mar-2026 08:26:17 Europe/Berlin] isLoggedIn: User is authenticated - user_id: 23
[01-Mar-2026 08:26:17 Europe/Berlin] isLoggedIn: User is authenticated - user_id: 23
[01-Mar-2026 08:26:24 Europe/Berlin] isLoggedIn: User is authenticated - user_id: 23
[01-Mar-2026 08:26:24 Europe/Berlin] isLoggedIn: User is authenticated - user_id: 23
[01-Mar-2026 08:26:24 Europe/Berlin] isLoggedIn: User is authenticated - user_id: 23
[01-Mar-2026 08:26:24 Europe/Berlin] isLoggedIn: User is authenticated - user_id: 23
[01-Mar-2026 08:26:25 Europe/Berlin] isLoggedIn: User is authenticated - user_id: 23
[01-Mar-2026 08:26:25 Europe/Berlin] isLoggedIn: User is authenticated - user_id: 23
[01-Mar-2026 08:26:25 Europe/Berlin] isLoggedIn: User is authenticated - user_id: 23
[01-Mar-2026 08:26:25 Europe/Berlin] isLoggedIn: User is authenticated - user_id: 23
[01-Mar-2026 08:26:25 Europe/Berlin] isLoggedIn: User is authenticated - user_id: 23
[01-Mar-2026 08:26:29 Europe/Berlin] isLoggedIn: User is authenticated - user_id: 23
[01-Mar-2026 08:26:29 Europe/Berlin] isLoggedIn: User is authenticated - user_id: 23
[01-Mar-2026 08:26:29 Europe/Berlin] isLoggedIn: User is authenticated - user_id: 23
[01-Mar-2026 08:26:29 Europe/Berlin] isLoggedIn: User is authenticated - user_id: 23
[01-Mar-2026 08:26:29 Europe/Berlin] isLoggedIn: User is authenticated - user_id: 23
[01-Mar-2026 08:28:51 Europe/Berlin] isLoggedIn: User is authenticated - user_id: 23
[01-Mar-2026 08:28:51 Europe/Berlin] isLoggedIn: User is authenticated - user_id: 23
[01-Mar-2026 08:28:52 Europe/Berlin] isLoggedIn: User is authenticated - user_id: 23
[01-Mar-2026 08:28:52 Europe/Berlin] isLoggedIn: User is authenticated - user_id: 23
[01-Mar-2026 08:28:52 Europe/Berlin] isLoggedIn: User is authenticated - user_id: 23
[01-Mar-2026 08:29:42 Europe/Berlin] isLoggedIn: User is authenticated - user_id: 23
[01-Mar-2026 08:29:47 Europe/Berlin] isLoggedIn: User is authenticated - user_id: 23
[01-Mar-2026 08:29:50 Europe/Berlin] isLoggedIn: User is authenticated - user_id: 23
[01-Mar-2026 08:29:52 Europe/Berlin] isLoggedIn: User is authenticated - user_id: 23
[01-Mar-2026 08:29:52 Europe/Berlin] isLoggedIn: User is authenticated - user_id: 23
[01-Mar-2026 08:29:52 Europe/Berlin] isLoggedIn: User is authenticated - user_id: 23
[01-Mar-2026 08:29:52 Europe/Berlin] isLoggedIn: User is authenticated - user_id: 23
[01-Mar-2026 08:29:52 Europe/Berlin] isLoggedIn: User is authenticated - user_id: 23
[01-Mar-2026 08:35:34 Europe/Berlin] isLoggedIn: User is authenticated - user_id: 23
[01-Mar-2026 08:35:34 Europe/Berlin] isLoggedIn: User is authenticated - user_id: 23
[01-Mar-2026 08:35:34 Europe/Berlin] isLoggedIn: User is authenticated - user_id: 23
[01-Mar-2026 08:35:34 Europe/Berlin] isLoggedIn: User is authenticated - user_id: 23
[01-Mar-2026 08:35:34 Europe/Berlin] isLoggedIn: User is authenticated - user_id: 23
[01-Mar-2026 08:40:03 Europe/Berlin] isLoggedIn: User is authenticated - user_id: 23
[01-Mar-2026 08:40:03 Europe/Berlin] isLoggedIn: User is authenticated - user_id: 23
[01-Mar-2026 08:40:03 Europe/Berlin] isLoggedIn: User is authenticated - user_id: 23
[01-Mar-2026 08:40:03 Europe/Berlin] isLoggedIn: User is authenticated - user_id: 23
[01-Mar-2026 08:40:03 Europe/Berlin] isLoggedIn: User is authenticated - user_id: 23
[01-Mar-2026 08:40:38 Europe/Berlin] isLoggedIn: User is authenticated - user_id: 23
[01-Mar-2026 08:40:38 Europe/Berlin] destroyUserSession: Session destroyed and new clean session started
[01-Mar-2026 08:40:52 Europe/Berlin] Email_sender function called for email: m19vishal@gmail.com
[01-Mar-2026 08:40:57 Europe/Berlin] OTP email sent successfully to m19vishal@gmail.com with subject: Login OTP - Sunrise Yoga
[01-Mar-2026 08:41:09 Europe/Berlin] Login OTP verified for user: Array
(
    [id] => 23
    [username] => Vishal
    [email] => m19vishal@gmail.com
    [role] => admin
    [image] => 1763889724_6922d23c535c8.jpg
    [password] => $2y$10$UPlN3sqEAL7LMK.vrdD8Xu3f1HO.YvsoimUSTFQF8uC45JqoypQg.
    [created_at] => 2025-11-23 09:54:17
)

[01-Mar-2026 08:41:09 Europe/Berlin] Mapped user session data: Array
(
    [id] => 23
    [username] => Vishal
    [email] => m19vishal@gmail.com
    [role] => admin
)

[01-Mar-2026 08:41:09 Europe/Berlin] initUserSession - Setting session data: Array
(
    [user_id] => 23
    [username] => Vishal
    [email] => m19vishal@gmail.com
    [role] => admin
    [profile_picture] => 
    [login_time] => 1772350869
    [last_activity] => 1772350869
    [session_token] => 5a6c2af6fecee4f7e2254f818bdceb3b56bc069975d73008ae96b2d51ada13f5
    [is_authenticated] => 1
)

[01-Mar-2026 08:41:09 Europe/Berlin] initUserSession completed. Final session data: Array
(
    [user_id] => 23
    [username] => Vishal
    [email] => m19vishal@gmail.com
    [role] => admin
    [profile_picture] => 
    [login_time] => 1772350869
    [last_activity] => 1772350869
    [session_token] => 5a6c2af6fecee4f7e2254f818bdceb3b56bc069975d73008ae96b2d51ada13f5
    [is_authenticated] => 1
)

[01-Mar-2026 08:41:09 Europe/Berlin] Session after initUserSession: Array
(
    [user_id] => 23
    [username] => Vishal
    [email] => m19vishal@gmail.com
    [role] => admin
    [profile_picture] => 
    [login_time] => 1772350869
    [last_activity] => 1772350869
    [session_token] => 5a6c2af6fecee4f7e2254f818bdceb3b56bc069975d73008ae96b2d51ada13f5
    [is_authenticated] => 1
)

[01-Mar-2026 08:41:12 Europe/Berlin] isLoggedIn: User is authenticated - user_id: 23
[01-Mar-2026 08:41:12 Europe/Berlin] isLoggedIn: User is authenticated - user_id: 23
[01-Mar-2026 08:41:12 Europe/Berlin] isLoggedIn: User is authenticated - user_id: 23
[01-Mar-2026 08:41:12 Europe/Berlin] isLoggedIn: User is authenticated - user_id: 23
[01-Mar-2026 08:41:12 Europe/Berlin] isLoggedIn: User is authenticated - user_id: 23
[01-Mar-2026 08:43:52 Europe/Berlin] isLoggedIn: User is authenticated - user_id: 23
[01-Mar-2026 08:43:52 Europe/Berlin] isLoggedIn: User is authenticated - user_id: 23
[01-Mar-2026 08:43:52 Europe/Berlin] isLoggedIn: User is authenticated - user_id: 23
[01-Mar-2026 08:43:52 Europe/Berlin] isLoggedIn: User is authenticated - user_id: 23
[01-Mar-2026 08:43:52 Europe/Berlin] isLoggedIn: User is authenticated - user_id: 23
[01-Mar-2026 08:44:02 Europe/Berlin] isLoggedIn: User is authenticated - user_id: 23
[01-Mar-2026 08:44:02 Europe/Berlin] isLoggedIn: User is authenticated - user_id: 23
[01-Mar-2026 08:44:02 Europe/Berlin] isLoggedIn: User is authenticated - user_id: 23
[01-Mar-2026 08:44:02 Europe/Berlin] isLoggedIn: User is authenticated - user_id: 23
[01-Mar-2026 08:44:02 Europe/Berlin] isLoggedIn: User is authenticated - user_id: 23
[01-Mar-2026 08:46:45 Europe/Berlin] isLoggedIn: User is authenticated - user_id: 23
[01-Mar-2026 08:46:45 Europe/Berlin] isLoggedIn: User is authenticated - user_id: 23
[01-Mar-2026 08:46:45 Europe/Berlin] isLoggedIn: User is authenticated - user_id: 23
[01-Mar-2026 08:46:45 Europe/Berlin] isLoggedIn: User is authenticated - user_id: 23
[01-Mar-2026 08:46:46 Europe/Berlin] isLoggedIn: User is authenticated - user_id: 23
[01-Mar-2026 08:47:16 Europe/Berlin] isLoggedIn: User is authenticated - user_id: 23
[01-Mar-2026 08:47:16 Europe/Berlin] isLoggedIn: User is authenticated - user_id: 23
[01-Mar-2026 08:47:17 Europe/Berlin] isLoggedIn: User is authenticated - user_id: 23
[01-Mar-2026 08:47:17 Europe/Berlin] isLoggedIn: User is authenticated - user_id: 23
[01-Mar-2026 08:47:17 Europe/Berlin] isLoggedIn: User is authenticated - user_id: 23
[01-Mar-2026 08:52:23 Europe/Berlin] isLoggedIn: User is authenticated - user_id: 23
[01-Mar-2026 08:52:23 Europe/Berlin] isLoggedIn: User is authenticated - user_id: 23
[01-Mar-2026 08:52:23 Europe/Berlin] isLoggedIn: User is authenticated - user_id: 23
[01-Mar-2026 08:52:23 Europe/Berlin] isLoggedIn: User is authenticated - user_id: 23
[01-Mar-2026 08:52:23 Europe/Berlin] isLoggedIn: User is authenticated - user_id: 23
[01-Mar-2026 08:52:30 Europe/Berlin] isLoggedIn: User is authenticated - user_id: 23
[01-Mar-2026 08:52:30 Europe/Berlin] isLoggedIn: User is authenticated - user_id: 23
[01-Mar-2026 08:52:30 Europe/Berlin] isLoggedIn: User is authenticated - user_id: 23
[01-Mar-2026 08:52:30 Europe/Berlin] isLoggedIn: User is authenticated - user_id: 23
[01-Mar-2026 08:52:30 Europe/Berlin] isLoggedIn: User is authenticated - user_id: 23
[01-Mar-2026 08:52:39 Europe/Berlin] isLoggedIn: User is authenticated - user_id: 23
[01-Mar-2026 08:52:39 Europe/Berlin] isLoggedIn: User is authenticated - user_id: 23
[01-Mar-2026 08:52:39 Europe/Berlin] isLoggedIn: User is authenticated - user_id: 23
[01-Mar-2026 08:52:39 Europe/Berlin] isLoggedIn: User is authenticated - user_id: 23
[01-Mar-2026 08:52:39 Europe/Berlin] isLoggedIn: User is authenticated - user_id: 23
[01-Mar-2026 08:52:43 Europe/Berlin] isLoggedIn: User is authenticated - user_id: 23
[01-Mar-2026 08:52:43 Europe/Berlin] isLoggedIn: User is authenticated - user_id: 23
[01-Mar-2026 08:52:44 Europe/Berlin] isLoggedIn: User is authenticated - user_id: 23
[01-Mar-2026 08:52:44 Europe/Berlin] isLoggedIn: User is authenticated - user_id: 23
[01-Mar-2026 08:52:44 Europe/Berlin] isLoggedIn: User is authenticated - user_id: 23
[01-Mar-2026 08:52:45 Europe/Berlin] isLoggedIn: User is authenticated - user_id: 23
[01-Mar-2026 08:55:44 Europe/Berlin] isLoggedIn: User is authenticated - user_id: 23
[01-Mar-2026 08:55:51 Europe/Berlin] isLoggedIn: User is authenticated - user_id: 23
[01-Mar-2026 08:58:01 Europe/Berlin] isLoggedIn: User is authenticated - user_id: 23
[01-Mar-2026 08:58:23 Europe/Berlin] isLoggedIn: User is authenticated - user_id: 23
[01-Mar-2026 08:58:27 Europe/Berlin] isLoggedIn: User is authenticated - user_id: 23
[01-Mar-2026 08:58:30 Europe/Berlin] isLoggedIn: User is authenticated - user_id: 23
[01-Mar-2026 08:58:33 Europe/Berlin] isLoggedIn: User is authenticated - user_id: 23
[01-Mar-2026 08:58:33 Europe/Berlin] isLoggedIn: User is authenticated - user_id: 23
[01-Mar-2026 08:58:33 Europe/Berlin] isLoggedIn: User is authenticated - user_id: 23
[01-Mar-2026 08:58:57 Europe/Berlin] isLoggedIn: User is authenticated - user_id: 23
[01-Mar-2026 09:05:00 Europe/Berlin] isLoggedIn: User is authenticated - user_id: 23
[01-Mar-2026 09:05:04 Europe/Berlin] isLoggedIn: User is authenticated - user_id: 23
[01-Mar-2026 09:09:07 Europe/Berlin] isLoggedIn: User is authenticated - user_id: 23
[01-Mar-2026 09:09:14 Europe/Berlin] isLoggedIn: User is authenticated - user_id: 23
[01-Mar-2026 09:09:19 Europe/Berlin] isLoggedIn: User is authenticated - user_id: 23
[01-Mar-2026 09:09:20 Europe/Berlin] isLoggedIn: User is authenticated - user_id: 23
[01-Mar-2026 09:09:21 Europe/Berlin] isLoggedIn: User is authenticated - user_id: 23
[01-Mar-2026 09:09:22 Europe/Berlin] isLoggedIn: User is authenticated - user_id: 23
[01-Mar-2026 09:09:24 Europe/Berlin] isLoggedIn: User is authenticated - user_id: 23
[01-Mar-2026 09:09:25 Europe/Berlin] isLoggedIn: User is authenticated - user_id: 23
[01-Mar-2026 09:09:25 Europe/Berlin] isLoggedIn: User is authenticated - user_id: 23
[01-Mar-2026 09:09:26 Europe/Berlin] isLoggedIn: User is authenticated - user_id: 23
[01-Mar-2026 09:09:26 Europe/Berlin] isLoggedIn: User is authenticated - user_id: 23
[01-Mar-2026 09:09:27 Europe/Berlin] isLoggedIn: User is authenticated - user_id: 23
[01-Mar-2026 09:09:28 Europe/Berlin] isLoggedIn: User is authenticated - user_id: 23
[01-Mar-2026 09:09:31 Europe/Berlin] isLoggedIn: User is authenticated - user_id: 23
[01-Mar-2026 09:09:33 Europe/Berlin] isLoggedIn: User is authenticated - user_id: 23
[01-Mar-2026 09:09:38 Europe/Berlin] isLoggedIn: User is authenticated - user_id: 23
[01-Mar-2026 09:09:38 Europe/Berlin] isLoggedIn: User is authenticated - user_id: 23
[01-Mar-2026 09:09:38 Europe/Berlin] isLoggedIn: User is authenticated - user_id: 23
[01-Mar-2026 09:10:42 Europe/Berlin] isLoggedIn: User is authenticated - user_id: 23
[01-Mar-2026 09:10:47 Europe/Berlin] isLoggedIn: User is authenticated - user_id: 23
[01-Mar-2026 09:10:50 Europe/Berlin] isLoggedIn: User is authenticated - user_id: 23
[01-Mar-2026 09:13:25 Europe/Berlin] isLoggedIn: User is authenticated - user_id: 23
[01-Mar-2026 09:13:29 Europe/Berlin] isLoggedIn: User is authenticated - user_id: 23
[01-Mar-2026 09:13:30 Europe/Berlin] isLoggedIn: User is authenticated - user_id: 23
[01-Mar-2026 09:13:30 Europe/Berlin] isLoggedIn: User is authenticated - user_id: 23
[01-Mar-2026 09:13:30 Europe/Berlin] isLoggedIn: User is authenticated - user_id: 23
[01-Mar-2026 09:14:53 Europe/Berlin] isLoggedIn: User is authenticated - user_id: 23
[01-Mar-2026 09:14:53 Europe/Berlin] isLoggedIn: User is authenticated - user_id: 23
[01-Mar-2026 09:14:53 Europe/Berlin] isLoggedIn: User is authenticated - user_id: 23
[01-Mar-2026 09:14:53 Europe/Berlin] isLoggedIn: User is authenticated - user_id: 23
[01-Mar-2026 09:14:53 Europe/Berlin] Uncaught Exception: Undefined array key "qty" in C:\xampp\htdocs\work\project\Projects-php-mongo-\php\order_confirmation.php on line 126
[01-Mar-2026 09:21:40 Europe/Berlin] isLoggedIn: User is authenticated - user_id: 23
[01-Mar-2026 09:21:40 Europe/Berlin] isLoggedIn: User is authenticated - user_id: 23
[01-Mar-2026 10:07:41 Europe/Berlin] isLoggedIn: Session expired - timeout exceeded
[01-Mar-2026 10:07:41 Europe/Berlin] destroyUserSession: Session destroyed and new clean session started
[01-Mar-2026 10:07:41 Europe/Berlin] isLoggedIn: Missing required session variables
[01-Mar-2026 11:31:12 Europe/Berlin] isLoggedIn: Missing required session variables
[01-Mar-2026 11:31:19 Europe/Berlin] isLoggedIn: Missing required session variables
[03-Mar-2026 07:55:50 Europe/Berlin] Email_sender function called for email: m19vishal@gmail.com
[03-Mar-2026 07:56:16 Europe/Berlin] OTP email sent successfully to m19vishal@gmail.com with subject: Login OTP - Sunrise Yoga
[03-Mar-2026 07:57:53 Europe/Berlin] Login OTP verified for user: Array
(
    [id] => 23
    [username] => Vishal
    [email] => m19vishal@gmail.com
    [role] => admin
    [image] => 1763889724_6922d23c535c8.jpg
    [password] => $2y$10$UPlN3sqEAL7LMK.vrdD8Xu3f1HO.YvsoimUSTFQF8uC45JqoypQg.
    [created_at] => 2025-11-23 09:54:17
)

[03-Mar-2026 07:57:53 Europe/Berlin] Mapped user session data: Array
(
    [id] => 23
    [username] => Vishal
    [email] => m19vishal@gmail.com
    [role] => admin
)

[03-Mar-2026 07:57:53 Europe/Berlin] initUserSession - Setting session data: Array
(
    [user_id] => 23
    [username] => Vishal
    [email] => m19vishal@gmail.com
    [role] => admin
    [profile_picture] => 
    [login_time] => 1772521073
    [last_activity] => 1772521073
    [session_token] => 6c1adf5e00e345541b6e2381081cd403e58a13bb63c892b405d1d8b7f5b8ceeb
    [is_authenticated] => 1
)

[03-Mar-2026 07:57:54 Europe/Berlin] initUserSession completed. Final session data: Array
(
    [user_id] => 23
    [username] => Vishal
    [email] => m19vishal@gmail.com
    [role] => admin
    [profile_picture] => 
    [login_time] => 1772521073
    [last_activity] => 1772521073
    [session_token] => 6c1adf5e00e345541b6e2381081cd403e58a13bb63c892b405d1d8b7f5b8ceeb
    [is_authenticated] => 1
)

[03-Mar-2026 07:57:54 Europe/Berlin] Session after initUserSession: Array
(
    [user_id] => 23
    [username] => Vishal
    [email] => m19vishal@gmail.com
    [role] => admin
    [profile_picture] => 
    [login_time] => 1772521073
    [last_activity] => 1772521073
    [session_token] => 6c1adf5e00e345541b6e2381081cd403e58a13bb63c892b405d1d8b7f5b8ceeb
    [is_authenticated] => 1
)

[03-Mar-2026 07:57:57 Europe/Berlin] isLoggedIn: User is authenticated - user_id: 23
[03-Mar-2026 07:57:57 Europe/Berlin] isLoggedIn: User is authenticated - user_id: 23
[03-Mar-2026 07:57:57 Europe/Berlin] isLoggedIn: User is authenticated - user_id: 23
[03-Mar-2026 08:10:52 Europe/Berlin] isLoggedIn: User is authenticated - user_id: 23
[03-Mar-2026 08:10:52 Europe/Berlin] isLoggedIn: User is authenticated - user_id: 23
[03-Mar-2026 08:10:52 Europe/Berlin] isLoggedIn: User is authenticated - user_id: 23
[03-Mar-2026 08:10:52 Europe/Berlin] isLoggedIn: User is authenticated - user_id: 23
[03-Mar-2026 08:10:52 Europe/Berlin] isLoggedIn: User is authenticated - user_id: 23
[03-Mar-2026 08:10:52 Europe/Berlin] isLoggedIn: User is authenticated - user_id: 23
[03-Mar-2026 08:10:53 Europe/Berlin] isLoggedIn: User is authenticated - user_id: 23
[03-Mar-2026 08:10:53 Europe/Berlin] isLoggedIn: User is authenticated - user_id: 23
[03-Mar-2026 08:10:53 Europe/Berlin] isLoggedIn: User is authenticated - user_id: 23
[03-Mar-2026 08:11:04 Europe/Berlin] isLoggedIn: User is authenticated - user_id: 23
[03-Mar-2026 08:11:04 Europe/Berlin] isLoggedIn: User is authenticated - user_id: 23
[03-Mar-2026 08:11:04 Europe/Berlin] isLoggedIn: User is authenticated - user_id: 23
[03-Mar-2026 08:11:05 Europe/Berlin] isLoggedIn: User is authenticated - user_id: 23
[03-Mar-2026 08:11:11 Europe/Berlin] isLoggedIn: User is authenticated - user_id: 23
[03-Mar-2026 08:11:14 Europe/Berlin] isLoggedIn: User is authenticated - user_id: 23
[03-Mar-2026 08:11:17 Europe/Berlin] isLoggedIn: User is authenticated - user_id: 23
[03-Mar-2026 08:11:18 Europe/Berlin] isLoggedIn: User is authenticated - user_id: 23
[03-Mar-2026 08:11:19 Europe/Berlin] isLoggedIn: User is authenticated - user_id: 23
[03-Mar-2026 08:11:20 Europe/Berlin] isLoggedIn: User is authenticated - user_id: 23
[03-Mar-2026 08:11:22 Europe/Berlin] isLoggedIn: User is authenticated - user_id: 23
[03-Mar-2026 08:11:23 Europe/Berlin] isLoggedIn: User is authenticated - user_id: 23
[03-Mar-2026 08:11:23 Europe/Berlin] isLoggedIn: User is authenticated - user_id: 23
[03-Mar-2026 08:11:24 Europe/Berlin] isLoggedIn: User is authenticated - user_id: 23
[03-Mar-2026 08:14:09 Europe/Berlin] isLoggedIn: User is authenticated - user_id: 23
[03-Mar-2026 08:14:11 Europe/Berlin] isLoggedIn: User is authenticated - user_id: 23
[03-Mar-2026 08:14:17 Europe/Berlin] isLoggedIn: User is authenticated - user_id: 23
[03-Mar-2026 08:14:18 Europe/Berlin] isLoggedIn: User is authenticated - user_id: 23
[03-Mar-2026 08:14:19 Europe/Berlin] isLoggedIn: User is authenticated - user_id: 23
[03-Mar-2026 08:14:19 Europe/Berlin] isLoggedIn: User is authenticated - user_id: 23
[03-Mar-2026 08:14:20 Europe/Berlin] isLoggedIn: User is authenticated - user_id: 23
[03-Mar-2026 08:14:20 Europe/Berlin] isLoggedIn: User is authenticated - user_id: 23
[03-Mar-2026 08:14:20 Europe/Berlin] isLoggedIn: User is authenticated - user_id: 23
[03-Mar-2026 08:14:21 Europe/Berlin] isLoggedIn: User is authenticated - user_id: 23
[03-Mar-2026 08:14:24 Europe/Berlin] isLoggedIn: User is authenticated - user_id: 23
[03-Mar-2026 08:14:27 Europe/Berlin] isLoggedIn: User is authenticated - user_id: 23
[03-Mar-2026 08:14:29 Europe/Berlin] isLoggedIn: User is authenticated - user_id: 23
[03-Mar-2026 08:17:14 Europe/Berlin] isLoggedIn: User is authenticated - user_id: 23
[03-Mar-2026 08:17:14 Europe/Berlin] isLoggedIn: User is authenticated - user_id: 23
[03-Mar-2026 08:17:14 Europe/Berlin] isLoggedIn: User is authenticated - user_id: 23
[03-Mar-2026 08:17:14 Europe/Berlin] isLoggedIn: User is authenticated - user_id: 23
[03-Mar-2026 08:17:16 Europe/Berlin] isLoggedIn: User is authenticated - user_id: 23
[03-Mar-2026 08:17:16 Europe/Berlin] isLoggedIn: User is authenticated - user_id: 23
[03-Mar-2026 08:17:16 Europe/Berlin] isLoggedIn: User is authenticated - user_id: 23
[03-Mar-2026 08:17:16 Europe/Berlin] isLoggedIn: User is authenticated - user_id: 23
[03-Mar-2026 08:17:19 Europe/Berlin] isLoggedIn: User is authenticated - user_id: 23
[03-Mar-2026 08:17:19 Europe/Berlin] isLoggedIn: User is authenticated - user_id: 23
[03-Mar-2026 08:17:19 Europe/Berlin] isLoggedIn: User is authenticated - user_id: 23
[03-Mar-2026 08:17:19 Europe/Berlin] isLoggedIn: User is authenticated - user_id: 23
[03-Mar-2026 08:17:25 Europe/Berlin] isLoggedIn: User is authenticated - user_id: 23
[03-Mar-2026 08:17:25 Europe/Berlin] isLoggedIn: User is authenticated - user_id: 23
[03-Mar-2026 08:17:25 Europe/Berlin] isLoggedIn: User is authenticated - user_id: 23
[03-Mar-2026 08:17:25 Europe/Berlin] isLoggedIn: User is authenticated - user_id: 23
[03-Mar-2026 08:17:29 Europe/Berlin] isLoggedIn: User is authenticated - user_id: 23
[03-Mar-2026 08:17:29 Europe/Berlin] isLoggedIn: User is authenticated - user_id: 23
[03-Mar-2026 08:17:29 Europe/Berlin] isLoggedIn: User is authenticated - user_id: 23
[03-Mar-2026 08:17:29 Europe/Berlin] isLoggedIn: User is authenticated - user_id: 23
[03-Mar-2026 08:17:30 Europe/Berlin] isLoggedIn: User is authenticated - user_id: 23
[03-Mar-2026 08:17:30 Europe/Berlin] isLoggedIn: User is authenticated - user_id: 23
[03-Mar-2026 08:17:30 Europe/Berlin] isLoggedIn: User is authenticated - user_id: 23
[03-Mar-2026 08:17:30 Europe/Berlin] isLoggedIn: User is authenticated - user_id: 23
[03-Mar-2026 08:17:31 Europe/Berlin] isLoggedIn: User is authenticated - user_id: 23
[03-Mar-2026 08:17:31 Europe/Berlin] isLoggedIn: User is authenticated - user_id: 23
[03-Mar-2026 08:17:31 Europe/Berlin] isLoggedIn: User is authenticated - user_id: 23
[03-Mar-2026 08:17:31 Europe/Berlin] isLoggedIn: User is authenticated - user_id: 23
[03-Mar-2026 08:32:33 Europe/Berlin] isLoggedIn: User is authenticated - user_id: 23
[03-Mar-2026 08:33:01 Europe/Berlin] isLoggedIn: User is authenticated - user_id: 23
[03-Mar-2026 08:33:01 Europe/Berlin] isLoggedIn: User is authenticated - user_id: 23
[03-Mar-2026 08:33:01 Europe/Berlin] isLoggedIn: User is authenticated - user_id: 23
[03-Mar-2026 08:33:05 Europe/Berlin] isLoggedIn: User is authenticated - user_id: 23
[03-Mar-2026 08:33:05 Europe/Berlin] isLoggedIn: User is authenticated - user_id: 23
[03-Mar-2026 08:33:05 Europe/Berlin] isLoggedIn: User is authenticated - user_id: 23
[03-Mar-2026 08:33:05 Europe/Berlin] isLoggedIn: User is authenticated - user_id: 23
[03-Mar-2026 08:33:07 Europe/Berlin] isLoggedIn: User is authenticated - user_id: 23
[03-Mar-2026 08:33:07 Europe/Berlin] isLoggedIn: User is authenticated - user_id: 23
[03-Mar-2026 08:33:07 Europe/Berlin] isLoggedIn: User is authenticated - user_id: 23
[03-Mar-2026 08:33:07 Europe/Berlin] isLoggedIn: User is authenticated - user_id: 23
[03-Mar-2026 08:33:07 Europe/Berlin] isLoggedIn: User is authenticated - user_id: 23
[03-Mar-2026 08:33:09 Europe/Berlin] isLoggedIn: User is authenticated - user_id: 23
[03-Mar-2026 08:33:09 Europe/Berlin] isLoggedIn: User is authenticated - user_id: 23
[03-Mar-2026 08:33:09 Europe/Berlin] isLoggedIn: User is authenticated - user_id: 23
[03-Mar-2026 08:33:09 Europe/Berlin] isLoggedIn: User is authenticated - user_id: 23
[03-Mar-2026 08:33:09 Europe/Berlin] isLoggedIn: User is authenticated - user_id: 23
[03-Mar-2026 08:33:09 Europe/Berlin] isLoggedIn: User is authenticated - user_id: 23
[03-Mar-2026 08:33:09 Europe/Berlin] isLoggedIn: User is authenticated - user_id: 23
[03-Mar-2026 08:33:10 Europe/Berlin] isLoggedIn: User is authenticated - user_id: 23
[03-Mar-2026 08:37:26 Europe/Berlin] isLoggedIn: User is authenticated - user_id: 23
[03-Mar-2026 08:37:26 Europe/Berlin] isLoggedIn: User is authenticated - user_id: 23
[03-Mar-2026 08:37:26 Europe/Berlin] isLoggedIn: User is authenticated - user_id: 23
[03-Mar-2026 08:37:26 Europe/Berlin] isLoggedIn: User is authenticated - user_id: 23
[03-Mar-2026 08:37:31 Europe/Berlin] isLoggedIn: User is authenticated - user_id: 23
[03-Mar-2026 08:37:31 Europe/Berlin] isLoggedIn: User is authenticated - user_id: 23
[03-Mar-2026 08:37:31 Europe/Berlin] isLoggedIn: User is authenticated - user_id: 23
[03-Mar-2026 08:37:31 Europe/Berlin] isLoggedIn: User is authenticated - user_id: 23
[03-Mar-2026 08:37:33 Europe/Berlin] isLoggedIn: User is authenticated - user_id: 23
[03-Mar-2026 08:37:37 Europe/Berlin] isLoggedIn: User is authenticated - user_id: 23
[03-Mar-2026 08:37:37 Europe/Berlin] isLoggedIn: User is authenticated - user_id: 23
[03-Mar-2026 08:37:37 Europe/Berlin] isLoggedIn: User is authenticated - user_id: 23
[03-Mar-2026 08:37:37 Europe/Berlin] isLoggedIn: User is authenticated - user_id: 23
[03-Mar-2026 08:37:45 Europe/Berlin] isLoggedIn: User is authenticated - user_id: 23
[03-Mar-2026 08:37:45 Europe/Berlin] isLoggedIn: User is authenticated - user_id: 23
[03-Mar-2026 08:37:45 Europe/Berlin] isLoggedIn: User is authenticated - user_id: 23
[03-Mar-2026 08:37:49 Europe/Berlin] isLoggedIn: User is authenticated - user_id: 23
[03-Mar-2026 08:37:49 Europe/Berlin] isLoggedIn: User is authenticated - user_id: 23
[03-Mar-2026 08:37:49 Europe/Berlin] isLoggedIn: User is authenticated - user_id: 23
[03-Mar-2026 08:37:49 Europe/Berlin] isLoggedIn: User is authenticated - user_id: 23
[03-Mar-2026 08:37:49 Europe/Berlin] isLoggedIn: User is authenticated - user_id: 23
[03-Mar-2026 08:38:16 Europe/Berlin] isLoggedIn: User is authenticated - user_id: 23
[03-Mar-2026 08:38:16 Europe/Berlin] isLoggedIn: User is authenticated - user_id: 23
[03-Mar-2026 08:38:16 Europe/Berlin] isLoggedIn: User is authenticated - user_id: 23
[03-Mar-2026 08:38:16 Europe/Berlin] isLoggedIn: User is authenticated - user_id: 23
[03-Mar-2026 08:38:16 Europe/Berlin] isLoggedIn: User is authenticated - user_id: 23
[03-Mar-2026 08:38:20 Europe/Berlin] isLoggedIn: User is authenticated - user_id: 23
[03-Mar-2026 08:38:20 Europe/Berlin] isLoggedIn: User is authenticated - user_id: 23
[03-Mar-2026 08:38:20 Europe/Berlin] isLoggedIn: User is authenticated - user_id: 23
[03-Mar-2026 08:38:20 Europe/Berlin] isLoggedIn: User is authenticated - user_id: 23
[03-Mar-2026 08:38:20 Europe/Berlin] isLoggedIn: User is authenticated - user_id: 23
[03-Mar-2026 08:39:02 Europe/Berlin] isLoggedIn: User is authenticated - user_id: 23
[03-Mar-2026 08:39:02 Europe/Berlin] isLoggedIn: User is authenticated - user_id: 23
[03-Mar-2026 08:39:02 Europe/Berlin] isLoggedIn: User is authenticated - user_id: 23
[03-Mar-2026 08:39:02 Europe/Berlin] isLoggedIn: User is authenticated - user_id: 23
[03-Mar-2026 08:39:02 Europe/Berlin] isLoggedIn: User is authenticated - user_id: 23
[03-Mar-2026 08:39:03 Europe/Berlin] isLoggedIn: User is authenticated - user_id: 23
[03-Mar-2026 08:39:03 Europe/Berlin] isLoggedIn: User is authenticated - user_id: 23
[03-Mar-2026 08:39:03 Europe/Berlin] isLoggedIn: User is authenticated - user_id: 23
[03-Mar-2026 08:39:03 Europe/Berlin] isLoggedIn: User is authenticated - user_id: 23
[03-Mar-2026 08:39:05 Europe/Berlin] isLoggedIn: User is authenticated - user_id: 23
[03-Mar-2026 08:39:05 Europe/Berlin] isLoggedIn: User is authenticated - user_id: 23
[03-Mar-2026 08:39:05 Europe/Berlin] isLoggedIn: User is authenticated - user_id: 23
[03-Mar-2026 08:39:05 Europe/Berlin] isLoggedIn: User is authenticated - user_id: 23
[03-Mar-2026 08:39:07 Europe/Berlin] isLoggedIn: User is authenticated - user_id: 23
[03-Mar-2026 08:39:07 Europe/Berlin] isLoggedIn: User is authenticated - user_id: 23
[03-Mar-2026 08:39:07 Europe/Berlin] isLoggedIn: User is authenticated - user_id: 23
[03-Mar-2026 08:39:07 Europe/Berlin] isLoggedIn: User is authenticated - user_id: 23
[03-Mar-2026 08:39:07 Europe/Berlin] isLoggedIn: User is authenticated - user_id: 23
[03-Mar-2026 09:20:22 Europe/Berlin] isLoggedIn: Session expired - timeout exceeded
[03-Mar-2026 09:20:22 Europe/Berlin] destroyUserSession: Session destroyed and new clean session started
[03-Mar-2026 09:20:39 Europe/Berlin] Email_sender function called for email: m19vishal@gmail.com
[03-Mar-2026 09:20:45 Europe/Berlin] OTP email sent successfully to m19vishal@gmail.com with subject: Login OTP - Sunrise Yoga
[03-Mar-2026 09:21:05 Europe/Berlin] Login OTP verified for user: Array
(
    [id] => 23
    [username] => Vishal
    [email] => m19vishal@gmail.com
    [role] => admin
    [image] => 1763889724_6922d23c535c8.jpg
    [password] => $2y$10$UPlN3sqEAL7LMK.vrdD8Xu3f1HO.YvsoimUSTFQF8uC45JqoypQg.
    [created_at] => 2025-11-23 09:54:17
)

[03-Mar-2026 09:21:05 Europe/Berlin] Mapped user session data: Array
(
    [id] => 23
    [username] => Vishal
    [email] => m19vishal@gmail.com
    [role] => admin
)

[03-Mar-2026 09:21:05 Europe/Berlin] initUserSession - Setting session data: Array
(
    [user_id] => 23
    [username] => Vishal
    [email] => m19vishal@gmail.com
    [role] => admin
    [profile_picture] => 
    [login_time] => 1772526065
    [last_activity] => 1772526065
    [session_token] => d8bf2fbd3752b0976aacfb5ad8c5083dfd890fcf91ca95a3851b2e3aaff885cd
    [is_authenticated] => 1
)

[03-Mar-2026 09:21:05 Europe/Berlin] initUserSession completed. Final session data: Array
(
    [user_id] => 23
    [username] => Vishal
    [email] => m19vishal@gmail.com
    [role] => admin
    [profile_picture] => 
    [login_time] => 1772526065
    [last_activity] => 1772526065
    [session_token] => d8bf2fbd3752b0976aacfb5ad8c5083dfd890fcf91ca95a3851b2e3aaff885cd
    [is_authenticated] => 1
)

[03-Mar-2026 09:21:05 Europe/Berlin] Session after initUserSession: Array
(
    [user_id] => 23
    [username] => Vishal
    [email] => m19vishal@gmail.com
    [role] => admin
    [profile_picture] => 
    [login_time] => 1772526065
    [last_activity] => 1772526065
    [session_token] => d8bf2fbd3752b0976aacfb5ad8c5083dfd890fcf91ca95a3851b2e3aaff885cd
    [is_authenticated] => 1
)

[03-Mar-2026 09:23:18 Europe/Berlin] isLoggedIn: User is authenticated - user_id: 23
[03-Mar-2026 09:23:18 Europe/Berlin] isLoggedIn: User is authenticated - user_id: 23
[03-Mar-2026 09:23:18 Europe/Berlin] isLoggedIn: User is authenticated - user_id: 23
[03-Mar-2026 09:23:18 Europe/Berlin] isLoggedIn: User is authenticated - user_id: 23
[03-Mar-2026 09:23:18 Europe/Berlin] isLoggedIn: User is authenticated - user_id: 23
[03-Mar-2026 09:38:10 Europe/Berlin] isLoggedIn: User is authenticated - user_id: 23
[03-Mar-2026 09:38:10 Europe/Berlin] isLoggedIn: User is authenticated - user_id: 23
[03-Mar-2026 09:38:10 Europe/Berlin] isLoggedIn: User is authenticated - user_id: 23
[03-Mar-2026 09:38:10 Europe/Berlin] isLoggedIn: User is authenticated - user_id: 23
[03-Mar-2026 09:38:10 Europe/Berlin] isLoggedIn: User is authenticated - user_id: 23
[03-Mar-2026 09:42:05 Europe/Berlin] isLoggedIn: User is authenticated - user_id: 23
[03-Mar-2026 09:42:05 Europe/Berlin] isLoggedIn: User is authenticated - user_id: 23
[03-Mar-2026 09:42:05 Europe/Berlin] isLoggedIn: User is authenticated - user_id: 23
[03-Mar-2026 09:42:05 Europe/Berlin] isLoggedIn: User is authenticated - user_id: 23
[03-Mar-2026 09:42:05 Europe/Berlin] isLoggedIn: User is authenticated - user_id: 23
[03-Mar-2026 09:46:06 Europe/Berlin] isLoggedIn: User is authenticated - user_id: 23
[03-Mar-2026 09:46:06 Europe/Berlin] isLoggedIn: User is authenticated - user_id: 23
[03-Mar-2026 09:46:06 Europe/Berlin] isLoggedIn: User is authenticated - user_id: 23
[03-Mar-2026 09:46:06 Europe/Berlin] isLoggedIn: User is authenticated - user_id: 23
[03-Mar-2026 09:46:06 Europe/Berlin] isLoggedIn: User is authenticated - user_id: 23
[03-Mar-2026 09:46:19 Europe/Berlin] isLoggedIn: User is authenticated - user_id: 23
[03-Mar-2026 09:46:19 Europe/Berlin] isLoggedIn: User is authenticated - user_id: 23
[03-Mar-2026 09:46:19 Europe/Berlin] isLoggedIn: User is authenticated - user_id: 23
[03-Mar-2026 09:46:19 Europe/Berlin] isLoggedIn: User is authenticated - user_id: 23
[03-Mar-2026 09:46:19 Europe/Berlin] isLoggedIn: User is authenticated - user_id: 23
[03-Mar-2026 09:51:06 Europe/Berlin] isLoggedIn: User is authenticated - user_id: 23
[03-Mar-2026 09:51:06 Europe/Berlin] isLoggedIn: User is authenticated - user_id: 23
[03-Mar-2026 09:51:06 Europe/Berlin] isLoggedIn: User is authenticated - user_id: 23
[03-Mar-2026 09:51:06 Europe/Berlin] isLoggedIn: User is authenticated - user_id: 23
[03-Mar-2026 09:51:06 Europe/Berlin] isLoggedIn: User is authenticated - user_id: 23
[03-Mar-2026 09:52:09 Europe/Berlin] isLoggedIn: User is authenticated - user_id: 23
[03-Mar-2026 09:52:09 Europe/Berlin] isLoggedIn: User is authenticated - user_id: 23
[03-Mar-2026 09:52:09 Europe/Berlin] isLoggedIn: User is authenticated - user_id: 23
[03-Mar-2026 09:52:09 Europe/Berlin] isLoggedIn: User is authenticated - user_id: 23
[03-Mar-2026 09:52:10 Europe/Berlin] isLoggedIn: User is authenticated - user_id: 23
[03-Mar-2026 09:52:31 Europe/Berlin] isLoggedIn: User is authenticated - user_id: 23
[03-Mar-2026 09:52:31 Europe/Berlin] isLoggedIn: User is authenticated - user_id: 23
[03-Mar-2026 09:52:31 Europe/Berlin] isLoggedIn: User is authenticated - user_id: 23
[03-Mar-2026 09:52:31 Europe/Berlin] isLoggedIn: User is authenticated - user_id: 23
[03-Mar-2026 09:52:31 Europe/Berlin] isLoggedIn: User is authenticated - user_id: 23
[03-Mar-2026 09:57:02 Europe/Berlin] isLoggedIn: User is authenticated - user_id: 23
[03-Mar-2026 09:57:02 Europe/Berlin] isLoggedIn: User is authenticated - user_id: 23
[03-Mar-2026 09:57:02 Europe/Berlin] isLoggedIn: User is authenticated - user_id: 23
[03-Mar-2026 09:57:02 Europe/Berlin] isLoggedIn: User is authenticated - user_id: 23
[03-Mar-2026 09:57:03 Europe/Berlin] isLoggedIn: User is authenticated - user_id: 23
[03-Mar-2026 09:57:08 Europe/Berlin] isLoggedIn: User is authenticated - user_id: 23
[03-Mar-2026 10:32:31 Europe/Berlin] isLoggedIn: Session expired - timeout exceeded
[03-Mar-2026 10:32:31 Europe/Berlin] destroyUserSession: Session destroyed and new clean session started
[03-Mar-2026 10:32:33 Europe/Berlin] isLoggedIn: Missing required session variables
[03-Mar-2026 10:32:34 Europe/Berlin] isLoggedIn: Missing required session variables
[03-Mar-2026 10:32:35 Europe/Berlin] isLoggedIn: Missing required session variables
[03-Mar-2026 10:32:45 Europe/Berlin] Email_sender function called for email: m19vishal@gmail.com
[03-Mar-2026 10:32:52 Europe/Berlin] OTP email sent successfully to m19vishal@gmail.com with subject: Login OTP - Sunrise Yoga
[03-Mar-2026 10:32:52 Europe/Berlin] Email_sender function called for email: m19vishal@gmail.com
[03-Mar-2026 10:32:58 Europe/Berlin] OTP email sent successfully to m19vishal@gmail.com with subject: Login OTP - Sunrise Yoga
[03-Mar-2026 10:33:21 Europe/Berlin] Email_sender function called for email: m19vishal@gmail.com
[03-Mar-2026 10:33:29 Europe/Berlin] OTP email sent successfully to m19vishal@gmail.com with subject: Login OTP - Sunrise Yoga
[03-Mar-2026 10:33:57 Europe/Berlin] Email_sender function called for email: m19vishal@gmail.com
[03-Mar-2026 10:34:03 Europe/Berlin] OTP email sent successfully to m19vishal@gmail.com with subject: Login OTP - Sunrise Yoga
[03-Mar-2026 10:34:53 Europe/Berlin] Login OTP verified for user: Array
(
    [id] => 23
    [username] => Vishal
    [email] => m19vishal@gmail.com
    [role] => admin
    [image] => 1763889724_6922d23c535c8.jpg
    [password] => $2y$10$UPlN3sqEAL7LMK.vrdD8Xu3f1HO.YvsoimUSTFQF8uC45JqoypQg.
    [created_at] => 2025-11-23 09:54:17
)

[03-Mar-2026 10:34:53 Europe/Berlin] Mapped user session data: Array
(
    [id] => 23
    [username] => Vishal
    [email] => m19vishal@gmail.com
    [role] => admin
)

[03-Mar-2026 10:34:53 Europe/Berlin] initUserSession - Setting session data: Array
(
    [user_id] => 23
    [username] => Vishal
    [email] => m19vishal@gmail.com
    [role] => admin
    [profile_picture] => 
    [login_time] => 1772530493
    [last_activity] => 1772530493
    [session_token] => a8faa06c0c103e4c4d6b681d508fbe97e2a3b6ec0da462ddb8791d5424837508
    [is_authenticated] => 1
)

[03-Mar-2026 10:34:53 Europe/Berlin] initUserSession completed. Final session data: Array
(
    [user_id] => 23
    [username] => Vishal
    [email] => m19vishal@gmail.com
    [role] => admin
    [profile_picture] => 
    [login_time] => 1772530493
    [last_activity] => 1772530493
    [session_token] => a8faa06c0c103e4c4d6b681d508fbe97e2a3b6ec0da462ddb8791d5424837508
    [is_authenticated] => 1
)

[03-Mar-2026 10:34:54 Europe/Berlin] Session after initUserSession: Array
(
    [user_id] => 23
    [username] => Vishal
    [email] => m19vishal@gmail.com
    [role] => admin
    [profile_picture] => 
    [login_time] => 1772530493
    [last_activity] => 1772530493
    [session_token] => a8faa06c0c103e4c4d6b681d508fbe97e2a3b6ec0da462ddb8791d5424837508
    [is_authenticated] => 1
)

[03-Mar-2026 10:35:02 Europe/Berlin] isLoggedIn: User is authenticated - user_id: 23
[03-Mar-2026 10:35:04 Europe/Berlin] isLoggedIn: User is authenticated - user_id: 23
[03-Mar-2026 10:35:04 Europe/Berlin] isLoggedIn: User is authenticated - user_id: 23
[03-Mar-2026 10:35:06 Europe/Berlin] isLoggedIn: User is authenticated - user_id: 23
[03-Mar-2026 10:35:06 Europe/Berlin] isLoggedIn: User is authenticated - user_id: 23
[03-Mar-2026 10:35:07 Europe/Berlin] isLoggedIn: User is authenticated - user_id: 23
[03-Mar-2026 10:37:06 Europe/Berlin] isLoggedIn: User is authenticated - user_id: 23
[03-Mar-2026 10:37:06 Europe/Berlin] Razorpay Verification DB Error: Unknown column 'payment_method' in 'field list'
[03-Mar-2026 10:38:42 Europe/Berlin] isLoggedIn: User is authenticated - user_id: 23
[03-Mar-2026 10:38:43 Europe/Berlin] isLoggedIn: User is authenticated - user_id: 23
[03-Mar-2026 10:38:43 Europe/Berlin] isLoggedIn: User is authenticated - user_id: 23
[03-Mar-2026 10:38:44 Europe/Berlin] isLoggedIn: User is authenticated - user_id: 23
[03-Mar-2026 10:39:14 Europe/Berlin] isLoggedIn: User is authenticated - user_id: 23
[03-Mar-2026 10:39:14 Europe/Berlin] Razorpay Verification DB Error: Unknown column 'payment_method' in 'field list'
[03-Mar-2026 10:41:47 Europe/Berlin] isLoggedIn: User is authenticated - user_id: 23
[03-Mar-2026 10:41:49 Europe/Berlin] isLoggedIn: User is authenticated - user_id: 23
[03-Mar-2026 10:41:49 Europe/Berlin] isLoggedIn: User is authenticated - user_id: 23
[03-Mar-2026 10:41:49 Europe/Berlin] isLoggedIn: User is authenticated - user_id: 23
[03-Mar-2026 10:42:11 Europe/Berlin] isLoggedIn: User is authenticated - user_id: 23
[03-Mar-2026 10:42:11 Europe/Berlin] Razorpay Verification DB Error: Unknown column 'payment_method' in 'field list'
[03-Mar-2026 10:42:16 Europe/Berlin] isLoggedIn: User is authenticated - user_id: 23
[03-Mar-2026 10:42:17 Europe/Berlin] isLoggedIn: User is authenticated - user_id: 23
[03-Mar-2026 10:42:18 Europe/Berlin] isLoggedIn: User is authenticated - user_id: 23
[03-Mar-2026 10:42:21 Europe/Berlin] isLoggedIn: User is authenticated - user_id: 23
[03-Mar-2026 10:42:21 Europe/Berlin] isLoggedIn: User is authenticated - user_id: 23
[03-Mar-2026 10:42:22 Europe/Berlin] isLoggedIn: User is authenticated - user_id: 23
[03-Mar-2026 10:42:47 Europe/Berlin] isLoggedIn: User is authenticated - user_id: 23
[03-Mar-2026 10:42:47 Europe/Berlin] Razorpay Verification DB Error: Unknown column 'payment_method' in 'field list'
[03-Mar-2026 10:44:26 Europe/Berlin] isLoggedIn: User is authenticated - user_id: 23
[03-Mar-2026 10:44:26 Europe/Berlin] isLoggedIn: User is authenticated - user_id: 23
[03-Mar-2026 10:44:27 Europe/Berlin] isLoggedIn: User is authenticated - user_id: 23
[03-Mar-2026 10:44:27 Europe/Berlin] isLoggedIn: User is authenticated - user_id: 23
[03-Mar-2026 10:44:27 Europe/Berlin] isLoggedIn: User is authenticated - user_id: 23
[03-Mar-2026 10:44:27 Europe/Berlin] isLoggedIn: User is authenticated - user_id: 23
[03-Mar-2026 10:45:05 Europe/Berlin] isLoggedIn: User is authenticated - user_id: 23
[03-Mar-2026 10:45:05 Europe/Berlin] Primary order insertion failed, trying fallback: Unknown column 'payment_method' in 'field list'
[03-Mar-2026 10:45:05 Europe/Berlin] isLoggedIn: User is authenticated - user_id: 23
[03-Mar-2026 10:45:05 Europe/Berlin] isLoggedIn: User is authenticated - user_id: 23
[03-Mar-2026 10:45:49 Europe/Berlin] isLoggedIn: User is authenticated - user_id: 23
[03-Mar-2026 10:45:49 Europe/Berlin] isLoggedIn: User is authenticated - user_id: 23
[03-Mar-2026 10:45:49 Europe/Berlin] isLoggedIn: User is authenticated - user_id: 23
[03-Mar-2026 10:45:51 Europe/Berlin] isLoggedIn: User is authenticated - user_id: 23
[03-Mar-2026 10:45:54 Europe/Berlin] isLoggedIn: User is authenticated - user_id: 23
[03-Mar-2026 10:45:54 Europe/Berlin] isLoggedIn: User is authenticated - user_id: 23
[03-Mar-2026 10:45:54 Europe/Berlin] isLoggedIn: User is authenticated - user_id: 23
[03-Mar-2026 10:45:55 Europe/Berlin] isLoggedIn: User is authenticated - user_id: 23
[03-Mar-2026 10:45:55 Europe/Berlin] isLoggedIn: User is authenticated - user_id: 23
[03-Mar-2026 10:46:04 Europe/Berlin] isLoggedIn: User is authenticated - user_id: 23
[03-Mar-2026 10:46:05 Europe/Berlin] isLoggedIn: User is authenticated - user_id: 23
[03-Mar-2026 10:46:06 Europe/Berlin] isLoggedIn: User is authenticated - user_id: 23
[03-Mar-2026 10:46:06 Europe/Berlin] isLoggedIn: User is authenticated - user_id: 23
[03-Mar-2026 10:53:49 Europe/Berlin] isLoggedIn: User is authenticated - user_id: 23
[03-Mar-2026 10:53:49 Europe/Berlin] isLoggedIn: User is authenticated - user_id: 23
[03-Mar-2026 10:53:50 Europe/Berlin] isLoggedIn: User is authenticated - user_id: 23
[03-Mar-2026 10:54:19 Europe/Berlin] isLoggedIn: User is authenticated - user_id: 23
[03-Mar-2026 10:54:21 Europe/Berlin] isLoggedIn: User is authenticated - user_id: 23
[03-Mar-2026 10:54:22 Europe/Berlin] isLoggedIn: User is authenticated - user_id: 23
[03-Mar-2026 10:54:23 Europe/Berlin] isLoggedIn: User is authenticated - user_id: 23
[03-Mar-2026 10:54:24 Europe/Berlin] isLoggedIn: User is authenticated - user_id: 23
[03-Mar-2026 10:54:25 Europe/Berlin] isLoggedIn: User is authenticated - user_id: 23
[03-Mar-2026 10:54:26 Europe/Berlin] isLoggedIn: User is authenticated - user_id: 23
[03-Mar-2026 10:54:27 Europe/Berlin] isLoggedIn: User is authenticated - user_id: 23
[03-Mar-2026 10:57:44 Europe/Berlin] isLoggedIn: User is authenticated - user_id: 23
[03-Mar-2026 11:18:42 Europe/Berlin] isLoggedIn: User is authenticated - user_id: 23
[03-Mar-2026 11:18:43 Europe/Berlin] isLoggedIn: User is authenticated - user_id: 23
[03-Mar-2026 11:18:47 Europe/Berlin] isLoggedIn: User is authenticated - user_id: 23
[03-Mar-2026 11:18:47 Europe/Berlin] isLoggedIn: User is authenticated - user_id: 23
[03-Mar-2026 11:18:47 Europe/Berlin] isLoggedIn: User is authenticated - user_id: 23
[03-Mar-2026 11:18:47 Europe/Berlin] isLoggedIn: User is authenticated - user_id: 23
[03-Mar-2026 11:18:47 Europe/Berlin] isLoggedIn: User is authenticated - user_id: 23
[03-Mar-2026 11:23:13 Europe/Berlin] isLoggedIn: User is authenticated - user_id: 23
[03-Mar-2026 11:23:13 Europe/Berlin] isLoggedIn: User is authenticated - user_id: 23
[03-Mar-2026 11:23:14 Europe/Berlin] isLoggedIn: User is authenticated - user_id: 23
[03-Mar-2026 11:23:14 Europe/Berlin] isLoggedIn: User is authenticated - user_id: 23
[03-Mar-2026 11:23:14 Europe/Berlin] isLoggedIn: User is authenticated - user_id: 23
[03-Mar-2026 11:23:43 Europe/Berlin] isLoggedIn: User is authenticated - user_id: 23
[03-Mar-2026 11:23:43 Europe/Berlin] Uncaught Exception: Undefined array key "shipping_address" in C:\xampp\htdocs\work\project\Projects-php-mongo-\php\shop_get_order_details.php on line 23
[03-Mar-2026 11:24:03 Europe/Berlin] isLoggedIn: User is authenticated - user_id: 23
[03-Mar-2026 11:24:03 Europe/Berlin] Uncaught Exception: Undefined array key "shipping_address" in C:\xampp\htdocs\work\project\Projects-php-mongo-\php\shop_get_order_details.php on line 23
[03-Mar-2026 11:27:07 Europe/Berlin] isLoggedIn: User is authenticated - user_id: 23
[03-Mar-2026 11:27:07 Europe/Berlin] isLoggedIn: User is authenticated - user_id: 23
[03-Mar-2026 11:27:07 Europe/Berlin] isLoggedIn: User is authenticated - user_id: 23
[03-Mar-2026 11:27:07 Europe/Berlin] isLoggedIn: User is authenticated - user_id: 23
[03-Mar-2026 11:27:07 Europe/Berlin] isLoggedIn: User is authenticated - user_id: 23
[03-Mar-2026 11:27:12 Europe/Berlin] isLoggedIn: User is authenticated - user_id: 23
[03-Mar-2026 11:27:12 Europe/Berlin] Uncaught Exception: Undefined array key "shipping_address" in C:\xampp\htdocs\work\project\Projects-php-mongo-\php\shop_get_order_details.php on line 23
[03-Mar-2026 11:27:14 Europe/Berlin] isLoggedIn: User is authenticated - user_id: 23
[03-Mar-2026 11:27:14 Europe/Berlin] isLoggedIn: User is authenticated - user_id: 23
[03-Mar-2026 11:27:14 Europe/Berlin] isLoggedIn: User is authenticated - user_id: 23
[03-Mar-2026 11:27:14 Europe/Berlin] isLoggedIn: User is authenticated - user_id: 23
[03-Mar-2026 11:27:14 Europe/Berlin] isLoggedIn: User is authenticated - user_id: 23
[03-Mar-2026 11:27:18 Europe/Berlin] isLoggedIn: User is authenticated - user_id: 23
[03-Mar-2026 11:27:18 Europe/Berlin] Uncaught Exception: Undefined array key "shipping_address" in C:\xampp\htdocs\work\project\Projects-php-mongo-\php\shop_get_order_details.php on line 23
[03-Mar-2026 11:28:40 Europe/Berlin] isLoggedIn: User is authenticated - user_id: 23
[03-Mar-2026 11:28:40 Europe/Berlin] isLoggedIn: User is authenticated - user_id: 23
[03-Mar-2026 11:28:40 Europe/Berlin] isLoggedIn: User is authenticated - user_id: 23
[03-Mar-2026 11:28:40 Europe/Berlin] isLoggedIn: User is authenticated - user_id: 23
[03-Mar-2026 11:28:40 Europe/Berlin] isLoggedIn: User is authenticated - user_id: 23
[03-Mar-2026 11:28:46 Europe/Berlin] isLoggedIn: User is authenticated - user_id: 23
[03-Mar-2026 11:28:46 Europe/Berlin] Uncaught Exception: Undefined array key "shipping_address" in C:\xampp\htdocs\work\project\Projects-php-mongo-\php\shop_get_order_details.php on line 23
[03-Mar-2026 11:28:48 Europe/Berlin] isLoggedIn: User is authenticated - user_id: 23
[03-Mar-2026 11:28:48 Europe/Berlin] isLoggedIn: User is authenticated - user_id: 23
[03-Mar-2026 11:28:48 Europe/Berlin] isLoggedIn: User is authenticated - user_id: 23
[03-Mar-2026 11:28:48 Europe/Berlin] isLoggedIn: User is authenticated - user_id: 23
[03-Mar-2026 11:28:48 Europe/Berlin] isLoggedIn: User is authenticated - user_id: 23
[03-Mar-2026 11:28:53 Europe/Berlin] isLoggedIn: User is authenticated - user_id: 23
[03-Mar-2026 11:28:53 Europe/Berlin] Uncaught Exception: Undefined array key "shipping_address" in C:\xampp\htdocs\work\project\Projects-php-mongo-\php\shop_get_order_details.php on line 23
[03-Mar-2026 11:31:06 Europe/Berlin] isLoggedIn: User is authenticated - user_id: 23
[03-Mar-2026 11:31:06 Europe/Berlin] isLoggedIn: User is authenticated - user_id: 23
[03-Mar-2026 11:31:06 Europe/Berlin] isLoggedIn: User is authenticated - user_id: 23
[03-Mar-2026 11:31:07 Europe/Berlin] isLoggedIn: User is authenticated - user_id: 23
[03-Mar-2026 11:31:07 Europe/Berlin] isLoggedIn: User is authenticated - user_id: 23
[03-Mar-2026 11:31:11 Europe/Berlin] isLoggedIn: User is authenticated - user_id: 23
[03-Mar-2026 11:31:11 Europe/Berlin] Uncaught Exception: Undefined array key "shipping_address" in C:\xampp\htdocs\work\project\Projects-php-mongo-\php\shop_get_order_details.php on line 50
[03-Mar-2026 11:31:14 Europe/Berlin] isLoggedIn: User is authenticated - user_id: 23
[03-Mar-2026 11:31:14 Europe/Berlin] isLoggedIn: User is authenticated - user_id: 23
[03-Mar-2026 11:31:14 Europe/Berlin] isLoggedIn: User is authenticated - user_id: 23
[03-Mar-2026 11:31:14 Europe/Berlin] isLoggedIn: User is authenticated - user_id: 23
[03-Mar-2026 11:31:14 Europe/Berlin] isLoggedIn: User is authenticated - user_id: 23
[03-Mar-2026 11:31:18 Europe/Berlin] isLoggedIn: User is authenticated - user_id: 23
[03-Mar-2026 11:31:18 Europe/Berlin] Uncaught Exception: Undefined array key "shipping_address" in C:\xampp\htdocs\work\project\Projects-php-mongo-\php\shop_get_order_details.php on line 50
[03-Mar-2026 11:34:16 Europe/Berlin] isLoggedIn: User is authenticated - user_id: 23
[03-Mar-2026 11:34:16 Europe/Berlin] isLoggedIn: User is authenticated - user_id: 23
[03-Mar-2026 11:34:16 Europe/Berlin] isLoggedIn: User is authenticated - user_id: 23
[03-Mar-2026 11:34:16 Europe/Berlin] isLoggedIn: User is authenticated - user_id: 23
[03-Mar-2026 11:34:16 Europe/Berlin] isLoggedIn: User is authenticated - user_id: 23
[03-Mar-2026 11:34:19 Europe/Berlin] isLoggedIn: User is authenticated - user_id: 23
[03-Mar-2026 11:34:19 Europe/Berlin] Uncaught Exception: Undefined array key "shipping_address" in C:\xampp\htdocs\work\project\Projects-php-mongo-\php\shop_get_order_details.php on line 50
[03-Mar-2026 11:34:24 Europe/Berlin] isLoggedIn: User is authenticated - user_id: 23
[03-Mar-2026 11:34:24 Europe/Berlin] isLoggedIn: User is authenticated - user_id: 23
[03-Mar-2026 11:34:24 Europe/Berlin] isLoggedIn: User is authenticated - user_id: 23
[03-Mar-2026 11:34:24 Europe/Berlin] isLoggedIn: User is authenticated - user_id: 23
[03-Mar-2026 11:34:24 Europe/Berlin] isLoggedIn: User is authenticated - user_id: 23
[03-Mar-2026 11:34:26 Europe/Berlin] isLoggedIn: User is authenticated - user_id: 23
[03-Mar-2026 11:34:26 Europe/Berlin] Uncaught Exception: Undefined array key "shipping_address" in C:\xampp\htdocs\work\project\Projects-php-mongo-\php\shop_get_order_details.php on line 50
[03-Mar-2026 11:36:05 Europe/Berlin] isLoggedIn: User is authenticated - user_id: 23
[03-Mar-2026 11:36:05 Europe/Berlin] isLoggedIn: User is authenticated - user_id: 23
[03-Mar-2026 11:36:05 Europe/Berlin] isLoggedIn: User is authenticated - user_id: 23
[03-Mar-2026 11:36:05 Europe/Berlin] isLoggedIn: User is authenticated - user_id: 23
[03-Mar-2026 11:36:05 Europe/Berlin] isLoggedIn: User is authenticated - user_id: 23
[03-Mar-2026 11:36:11 Europe/Berlin] Uncaught Exception: Undefined array key "shipping_address" in C:\xampp\htdocs\work\project\Projects-php-mongo-\php\shop_get_order_details.php on line 74
[03-Mar-2026 11:36:13 Europe/Berlin] Uncaught Exception: Undefined array key "shipping_address" in C:\xampp\htdocs\work\project\Projects-php-mongo-\php\shop_get_order_details.php on line 74
[03-Mar-2026 11:36:15 Europe/Berlin] isLoggedIn: User is authenticated - user_id: 23
[03-Mar-2026 11:36:15 Europe/Berlin] isLoggedIn: User is authenticated - user_id: 23
[03-Mar-2026 11:36:15 Europe/Berlin] isLoggedIn: User is authenticated - user_id: 23
[03-Mar-2026 11:36:15 Europe/Berlin] isLoggedIn: User is authenticated - user_id: 23
[03-Mar-2026 11:36:15 Europe/Berlin] isLoggedIn: User is authenticated - user_id: 23
[03-Mar-2026 11:36:19 Europe/Berlin] Uncaught Exception: Undefined array key "shipping_address" in C:\xampp\htdocs\work\project\Projects-php-mongo-\php\shop_get_order_details.php on line 74
[03-Mar-2026 11:36:22 Europe/Berlin] isLoggedIn: User is authenticated - user_id: 23
[03-Mar-2026 11:36:24 Europe/Berlin] isLoggedIn: User is authenticated - user_id: 23
[03-Mar-2026 11:36:27 Europe/Berlin] isLoggedIn: User is authenticated - user_id: 23
[05-Mar-2026 07:05:46 Europe/Berlin] isLoggedIn: Missing required session variables
[05-Mar-2026 07:05:54 Europe/Berlin] isLoggedIn: Missing required session variables
[05-Mar-2026 07:05:57 Europe/Berlin] isLoggedIn: Missing required session variables
[05-Mar-2026 07:05:58 Europe/Berlin] isLoggedIn: Missing required session variables
[05-Mar-2026 07:05:59 Europe/Berlin] isLoggedIn: Missing required session variables
[05-Mar-2026 07:06:05 Europe/Berlin] isLoggedIn: Missing required session variables
[05-Mar-2026 07:06:05 Europe/Berlin] isLoggedIn: Missing required session variables
[05-Mar-2026 07:06:05 Europe/Berlin] isLoggedIn: Missing required session variables
[05-Mar-2026 07:06:13 Europe/Berlin] isLoggedIn: Missing required session variables
[05-Mar-2026 07:06:13 Europe/Berlin] isLoggedIn: Missing required session variables
[05-Mar-2026 07:06:13 Europe/Berlin] isLoggedIn: Missing required session variables
[05-Mar-2026 07:06:28 Europe/Berlin] isLoggedIn: Missing required session variables
[05-Mar-2026 07:06:28 Europe/Berlin] isLoggedIn: Missing required session variables
[05-Mar-2026 07:06:28 Europe/Berlin] isLoggedIn: Missing required session variables
[05-Mar-2026 07:06:55 Europe/Berlin] Email_sender function called for email: m19vishal@gmail.com
[05-Mar-2026 07:07:03 Europe/Berlin] Email could not be sent. Mailer Error: SMTP Error: Could not authenticate.
[05-Mar-2026 07:08:09 Europe/Berlin] Email_sender function called for email: m19vishal@gmail.com
[05-Mar-2026 07:08:14 Europe/Berlin] Email could not be sent. Mailer Error: SMTP Error: Could not authenticate.
[05-Mar-2026 07:24:23 Europe/Berlin] Email_sender function called for email: m19vishal@gmail.com
[05-Mar-2026 07:24:35 Europe/Berlin] Email could not be sent. Mailer Error: SMTP Error: Could not authenticate.
[05-Mar-2026 07:24:51 Europe/Berlin] Email_sender function called for email: m19vishal@gmail.com
[05-Mar-2026 07:25:00 Europe/Berlin] Email could not be sent. Mailer Error: SMTP Error: Could not authenticate.
[05-Mar-2026 07:42:19 Europe/Berlin] Email_sender function called for email: m19vishal@gmail.com
[05-Mar-2026 07:42:24 Europe/Berlin] Email could not be sent. Mailer Error: SMTP Error: Could not authenticate.
[05-Mar-2026 07:42:37 Europe/Berlin] Email_sender function called for email: m19vishal@gmail.com
[05-Mar-2026 07:42:40 Europe/Berlin] Email could not be sent. Mailer Error: SMTP Error: Could not authenticate.
[05-Mar-2026 07:47:02 Europe/Berlin] Email_sender function called for email: m19vishal@gmail.com
[05-Mar-2026 07:47:02 Europe/Berlin] Attempting to send email via smtp.gmail.com with username: sunr***
[05-Mar-2026 07:47:03 Europe/Berlin] PHPMailer Debug (level 2): SERVER -> CLIENT: 220 smtp.gmail.com ESMTP 98e67ed59e1d1-359b2d5fe2dsm928578a91.7 - gsmtp

[05-Mar-2026 07:47:03 Europe/Berlin] PHPMailer Debug (level 1): CLIENT -> SERVER: EHLO localhost

[05-Mar-2026 07:47:04 Europe/Berlin] PHPMailer Debug (level 2): SERVER -> CLIENT: 250-smtp.gmail.com at your service, [2409:40c1:10de:33ef:99f5:2d36:5c91:eeaf]
250-SIZE 35882577
250-8BITMIME
250-STARTTLS
250-ENHANCEDSTATUSCODES
250-PIPELINING
250-CHUNKING
250 SMTPUTF8

[05-Mar-2026 07:47:04 Europe/Berlin] PHPMailer Debug (level 1): CLIENT -> SERVER: STARTTLS

[05-Mar-2026 07:47:04 Europe/Berlin] PHPMailer Debug (level 2): SERVER -> CLIENT: 220 2.0.0 Ready to start TLS

[05-Mar-2026 07:47:05 Europe/Berlin] PHPMailer Debug (level 1): CLIENT -> SERVER: EHLO localhost

[05-Mar-2026 07:47:05 Europe/Berlin] PHPMailer Debug (level 2): SERVER -> CLIENT: 250-smtp.gmail.com at your service, [2409:40c1:10de:33ef:99f5:2d36:5c91:eeaf]
250-SIZE 35882577
250-8BITMIME
250-AUTH LOGIN PLAIN XOAUTH2 PLAIN-CLIENTTOKEN OAUTHBEARER XOAUTH
250-ENHANCEDSTATUSCODES
250-PIPELINING
250-CHUNKING
250 SMTPUTF8

[05-Mar-2026 07:47:05 Europe/Berlin] PHPMailer Debug (level 1): CLIENT -> SERVER: AUTH LOGIN

[05-Mar-2026 07:47:05 Europe/Berlin] PHPMailer Debug (level 2): SERVER -> CLIENT: 334 VXNlcm5hbWU6

[05-Mar-2026 07:47:05 Europe/Berlin] PHPMailer Debug (level 1): CLIENT -> SERVER: [credentials hidden]
[05-Mar-2026 07:47:06 Europe/Berlin] PHPMailer Debug (level 2): SERVER -> CLIENT: 334 UGFzc3dvcmQ6

[05-Mar-2026 07:47:06 Europe/Berlin] PHPMailer Debug (level 1): CLIENT -> SERVER: [credentials hidden]
[05-Mar-2026 07:47:06 Europe/Berlin] PHPMailer Debug (level 2): SERVER -> CLIENT: 235 2.7.0 Accepted

[05-Mar-2026 07:47:06 Europe/Berlin] PHPMailer Debug (level 1): CLIENT -> SERVER: MAIL FROM:<sunriseyoga007@gmail.com>

[05-Mar-2026 07:47:07 Europe/Berlin] PHPMailer Debug (level 2): SERVER -> CLIENT: 250 2.1.0 OK 98e67ed59e1d1-359b2d5fe2dsm928578a91.7 - gsmtp

[05-Mar-2026 07:47:07 Europe/Berlin] PHPMailer Debug (level 1): CLIENT -> SERVER: RCPT TO:<m19vishal@gmail.com>

[05-Mar-2026 07:47:07 Europe/Berlin] PHPMailer Debug (level 2): SERVER -> CLIENT: 250 2.1.5 OK 98e67ed59e1d1-359b2d5fe2dsm928578a91.7 - gsmtp

[05-Mar-2026 07:47:07 Europe/Berlin] PHPMailer Debug (level 1): CLIENT -> SERVER: DATA

[05-Mar-2026 07:47:08 Europe/Berlin] PHPMailer Debug (level 2): SERVER -> CLIENT: 354 Go ahead 98e67ed59e1d1-359b2d5fe2dsm928578a91.7 - gsmtp

[05-Mar-2026 07:47:08 Europe/Berlin] PHPMailer Debug (level 1): CLIENT -> SERVER: Date: Thu, 5 Mar 2026 07:47:02 +0100

[05-Mar-2026 07:47:08 Europe/Berlin] PHPMailer Debug (level 1): CLIENT -> SERVER: To: m19vishal@gmail.com

[05-Mar-2026 07:47:08 Europe/Berlin] PHPMailer Debug (level 1): CLIENT -> SERVER: From: YogaMart <sunriseyoga007@gmail.com>

[05-Mar-2026 07:47:08 Europe/Berlin] PHPMailer Debug (level 1): CLIENT -> SERVER: Subject: Login OTP - YogaMart

[05-Mar-2026 07:47:08 Europe/Berlin] PHPMailer Debug (level 1): CLIENT -> SERVER: Message-ID: <kZvsrksJ8pceZccrQMfCTob9tRnwnzfOIAt9sOnw@localhost>

[05-Mar-2026 07:47:08 Europe/Berlin] PHPMailer Debug (level 1): CLIENT -> SERVER: X-Mailer: PHPMailer 6.10.0 (https://github.com/PHPMailer/PHPMailer)

[05-Mar-2026 07:47:08 Europe/Berlin] PHPMailer Debug (level 1): CLIENT -> SERVER: MIME-Version: 1.0

[05-Mar-2026 07:47:08 Europe/Berlin] PHPMailer Debug (level 1): CLIENT -> SERVER: Content-Type: multipart/alternative;

[05-Mar-2026 07:47:08 Europe/Berlin] PHPMailer Debug (level 1): CLIENT -> SERVER:  boundary="b1=_kZvsrksJ8pceZccrQMfCTob9tRnwnzfOIAt9sOnw"

[05-Mar-2026 07:47:08 Europe/Berlin] PHPMailer Debug (level 1): CLIENT -> SERVER: Content-Transfer-Encoding: 8bit

[05-Mar-2026 07:47:08 Europe/Berlin] PHPMailer Debug (level 1): CLIENT -> SERVER: 

[05-Mar-2026 07:47:08 Europe/Berlin] PHPMailer Debug (level 1): CLIENT -> SERVER: --b1=_kZvsrksJ8pceZccrQMfCTob9tRnwnzfOIAt9sOnw

[05-Mar-2026 07:47:08 Europe/Berlin] PHPMailer Debug (level 1): CLIENT -> SERVER: Content-Type: text/plain; charset=us-ascii

[05-Mar-2026 07:47:08 Europe/Berlin] PHPMailer Debug (level 1): CLIENT -> SERVER: 

[05-Mar-2026 07:47:08 Europe/Berlin] PHPMailer Debug (level 1): CLIENT -> SERVER: YogaMart - Your OTP is 077302. It will expire in 5 minutes.

[05-Mar-2026 07:47:08 Europe/Berlin] PHPMailer Debug (level 1): CLIENT -> SERVER: 

[05-Mar-2026 07:47:08 Europe/Berlin] PHPMailer Debug (level 1): CLIENT -> SERVER: --b1=_kZvsrksJ8pceZccrQMfCTob9tRnwnzfOIAt9sOnw

[05-Mar-2026 07:47:08 Europe/Berlin] PHPMailer Debug (level 1): CLIENT -> SERVER: Content-Type: text/html; charset=us-ascii

[05-Mar-2026 07:47:08 Europe/Berlin] PHPMailer Debug (level 1): CLIENT -> SERVER: 

[05-Mar-2026 07:47:08 Europe/Berlin] PHPMailer Debug (level 1): CLIENT -> SERVER: <h2>YogaMart - OTP Verification</h2>

[05-Mar-2026 07:47:08 Europe/Berlin] PHPMailer Debug (level 1): CLIENT -> SERVER:                               <p>Your OTP is <b style='font-size: 24px; color: #4a7c59;'>077302</b></p>

[05-Mar-2026 07:47:08 Europe/Berlin] PHPMailer Debug (level 1): CLIENT -> SERVER:                               <p>This OTP will expire in 5 minutes.</p>

[05-Mar-2026 07:47:08 Europe/Berlin] PHPMailer Debug (level 1): CLIENT -> SERVER:                               <p>If you didn't request this, please ignore this email.</p>

[05-Mar-2026 07:47:08 Europe/Berlin] PHPMailer Debug (level 1): CLIENT -> SERVER:                               <br><p>Best regards,<br>YogaMart Team</p>

[05-Mar-2026 07:47:08 Europe/Berlin] PHPMailer Debug (level 1): CLIENT -> SERVER: 

[05-Mar-2026 07:47:08 Europe/Berlin] PHPMailer Debug (level 1): CLIENT -> SERVER: 

[05-Mar-2026 07:47:08 Europe/Berlin] PHPMailer Debug (level 1): CLIENT -> SERVER: --b1=_kZvsrksJ8pceZccrQMfCTob9tRnwnzfOIAt9sOnw--

[05-Mar-2026 07:47:08 Europe/Berlin] PHPMailer Debug (level 1): CLIENT -> SERVER: 

[05-Mar-2026 07:47:08 Europe/Berlin] PHPMailer Debug (level 1): CLIENT -> SERVER: .

[05-Mar-2026 07:47:09 Europe/Berlin] PHPMailer Debug (level 2): SERVER -> CLIENT: 250 2.0.0 OK  1772693230 98e67ed59e1d1-359b2d5fe2dsm928578a91.7 - gsmtp

[05-Mar-2026 07:47:09 Europe/Berlin] PHPMailer Debug (level 1): CLIENT -> SERVER: QUIT

[05-Mar-2026 07:47:10 Europe/Berlin] PHPMailer Debug (level 2): SERVER -> CLIENT: 221 2.0.0 closing connection 98e67ed59e1d1-359b2d5fe2dsm928578a91.7 - gsmtp

[05-Mar-2026 07:47:10 Europe/Berlin] OTP email sent successfully to m19vishal@gmail.com with subject: Login OTP - YogaMart
[05-Mar-2026 07:47:30 Europe/Berlin] Login OTP verified for user: Array
(
    [id] => 23
    [username] => Vishal
    [email] => m19vishal@gmail.com
    [role] => admin
    [image] => 1763889724_6922d23c535c8.jpg
    [password] => $2y$10$UPlN3sqEAL7LMK.vrdD8Xu3f1HO.YvsoimUSTFQF8uC45JqoypQg.
    [created_at] => 2025-11-23 09:54:17
)

[05-Mar-2026 07:47:30 Europe/Berlin] Mapped user session data: Array
(
    [id] => 23
    [username] => Vishal
    [email] => m19vishal@gmail.com
    [role] => admin
)

[05-Mar-2026 07:47:30 Europe/Berlin] initUserSession - Setting session data: Array
(
    [user_id] => 23
    [username] => Vishal
    [email] => m19vishal@gmail.com
    [role] => admin
    [profile_picture] => 
    [login_time] => 1772693250
    [last_activity] => 1772693250
    [session_token] => d1c95b1ae1b783b6d58c435e4f03bdfa8a16514bae3016d8658a01ce3d06af2c
    [is_authenticated] => 1
)

[05-Mar-2026 07:47:30 Europe/Berlin] initUserSession completed. Final session data: Array
(
    [user_id] => 23
    [username] => Vishal
    [email] => m19vishal@gmail.com
    [role] => admin
    [profile_picture] => 
    [login_time] => 1772693250
    [last_activity] => 1772693250
    [session_token] => d1c95b1ae1b783b6d58c435e4f03bdfa8a16514bae3016d8658a01ce3d06af2c
    [is_authenticated] => 1
)

[05-Mar-2026 07:47:30 Europe/Berlin] Session after initUserSession: Array
(
    [user_id] => 23
    [username] => Vishal
    [email] => m19vishal@gmail.com
    [role] => admin
    [profile_picture] => 
    [login_time] => 1772693250
    [last_activity] => 1772693250
    [session_token] => d1c95b1ae1b783b6d58c435e4f03bdfa8a16514bae3016d8658a01ce3d06af2c
    [is_authenticated] => 1
)

[05-Mar-2026 07:47:33 Europe/Berlin] isLoggedIn: User is authenticated - user_id: 23
[05-Mar-2026 07:47:33 Europe/Berlin] isLoggedIn: User is authenticated - user_id: 23
[05-Mar-2026 07:47:33 Europe/Berlin] isLoggedIn: User is authenticated - user_id: 23
[05-Mar-2026 07:47:33 Europe/Berlin] isLoggedIn: User is authenticated - user_id: 23
[05-Mar-2026 07:47:33 Europe/Berlin] isLoggedIn: User is authenticated - user_id: 23
[05-Mar-2026 07:49:05 Europe/Berlin] isLoggedIn: User is authenticated - user_id: 23
[05-Mar-2026 07:49:06 Europe/Berlin] isLoggedIn: User is authenticated - user_id: 23
[05-Mar-2026 07:49:06 Europe/Berlin] isLoggedIn: User is authenticated - user_id: 23
[05-Mar-2026 07:49:13 Europe/Berlin] isLoggedIn: User is authenticated - user_id: 23
[05-Mar-2026 07:49:13 Europe/Berlin] isLoggedIn: User is authenticated - user_id: 23
[05-Mar-2026 07:49:13 Europe/Berlin] isLoggedIn: User is authenticated - user_id: 23
[05-Mar-2026 07:49:14 Europe/Berlin] isLoggedIn: User is authenticated - user_id: 23
[05-Mar-2026 07:49:14 Europe/Berlin] isLoggedIn: User is authenticated - user_id: 23
[05-Mar-2026 07:49:14 Europe/Berlin] isLoggedIn: User is authenticated - user_id: 23
[05-Mar-2026 07:49:15 Europe/Berlin] isLoggedIn: User is authenticated - user_id: 23
[05-Mar-2026 07:49:15 Europe/Berlin] isLoggedIn: User is authenticated - user_id: 23
[05-Mar-2026 07:49:15 Europe/Berlin] isLoggedIn: User is authenticated - user_id: 23
[05-Mar-2026 07:49:18 Europe/Berlin] isLoggedIn: User is authenticated - user_id: 23
[05-Mar-2026 08:33:20 Europe/Berlin] isLoggedIn: Session expired - timeout exceeded
[05-Mar-2026 08:33:20 Europe/Berlin] destroyUserSession: Session destroyed and new clean session started
[05-Mar-2026 08:33:31 Europe/Berlin] Email_sender function called for email: m19vishal@gmail.com
[05-Mar-2026 08:33:31 Europe/Berlin] Attempting to send email via smtp.gmail.com with username: sunr***
[05-Mar-2026 08:33:31 Europe/Berlin] PHPMailer Debug (level 2): SERVER -> CLIENT: 220 smtp.gmail.com ESMTP 98e67ed59e1d1-359b2d6f21fsm1334050a91.16 - gsmtp

[05-Mar-2026 08:33:31 Europe/Berlin] PHPMailer Debug (level 1): CLIENT -> SERVER: EHLO localhost

[05-Mar-2026 08:33:32 Europe/Berlin] PHPMailer Debug (level 2): SERVER -> CLIENT: 250-smtp.gmail.com at your service, [2409:40c1:10de:33ef:99f5:2d36:5c91:eeaf]
250-SIZE 35882577
250-8BITMIME
250-STARTTLS
250-ENHANCEDSTATUSCODES
250-PIPELINING
250-CHUNKING
250 SMTPUTF8

[05-Mar-2026 08:33:32 Europe/Berlin] PHPMailer Debug (level 1): CLIENT -> SERVER: STARTTLS

[05-Mar-2026 08:33:32 Europe/Berlin] PHPMailer Debug (level 2): SERVER -> CLIENT: 220 2.0.0 Ready to start TLS

[05-Mar-2026 08:33:32 Europe/Berlin] PHPMailer Debug (level 1): CLIENT -> SERVER: EHLO localhost

[05-Mar-2026 08:33:33 Europe/Berlin] PHPMailer Debug (level 2): SERVER -> CLIENT: 250-smtp.gmail.com at your service, [2409:40c1:10de:33ef:99f5:2d36:5c91:eeaf]
250-SIZE 35882577
250-8BITMIME
250-AUTH LOGIN PLAIN XOAUTH2 PLAIN-CLIENTTOKEN OAUTHBEARER XOAUTH
250-ENHANCEDSTATUSCODES
250-PIPELINING
250-CHUNKING
250 SMTPUTF8

[05-Mar-2026 08:33:33 Europe/Berlin] PHPMailer Debug (level 1): CLIENT -> SERVER: AUTH LOGIN

[05-Mar-2026 08:33:33 Europe/Berlin] PHPMailer Debug (level 2): SERVER -> CLIENT: 334 VXNlcm5hbWU6

[05-Mar-2026 08:33:33 Europe/Berlin] PHPMailer Debug (level 1): CLIENT -> SERVER: [credentials hidden]
[05-Mar-2026 08:33:33 Europe/Berlin] PHPMailer Debug (level 2): SERVER -> CLIENT: 334 UGFzc3dvcmQ6

[05-Mar-2026 08:33:33 Europe/Berlin] PHPMailer Debug (level 1): CLIENT -> SERVER: [credentials hidden]
[05-Mar-2026 08:33:34 Europe/Berlin] PHPMailer Debug (level 2): SERVER -> CLIENT: 235 2.7.0 Accepted

[05-Mar-2026 08:33:34 Europe/Berlin] PHPMailer Debug (level 1): CLIENT -> SERVER: MAIL FROM:<sunriseyoga007@gmail.com>

[05-Mar-2026 08:33:34 Europe/Berlin] PHPMailer Debug (level 2): SERVER -> CLIENT: 250 2.1.0 OK 98e67ed59e1d1-359b2d6f21fsm1334050a91.16 - gsmtp

[05-Mar-2026 08:33:34 Europe/Berlin] PHPMailer Debug (level 1): CLIENT -> SERVER: RCPT TO:<m19vishal@gmail.com>

[05-Mar-2026 08:33:34 Europe/Berlin] PHPMailer Debug (level 2): SERVER -> CLIENT: 250 2.1.5 OK 98e67ed59e1d1-359b2d6f21fsm1334050a91.16 - gsmtp

[05-Mar-2026 08:33:34 Europe/Berlin] PHPMailer Debug (level 1): CLIENT -> SERVER: DATA

[05-Mar-2026 08:33:35 Europe/Berlin] PHPMailer Debug (level 2): SERVER -> CLIENT: 354 Go ahead 98e67ed59e1d1-359b2d6f21fsm1334050a91.16 - gsmtp

[05-Mar-2026 08:33:35 Europe/Berlin] PHPMailer Debug (level 1): CLIENT -> SERVER: Date: Thu, 5 Mar 2026 08:33:31 +0100

[05-Mar-2026 08:33:35 Europe/Berlin] PHPMailer Debug (level 1): CLIENT -> SERVER: To: m19vishal@gmail.com

[05-Mar-2026 08:33:35 Europe/Berlin] PHPMailer Debug (level 1): CLIENT -> SERVER: From: YogaMart <sunriseyoga007@gmail.com>

[05-Mar-2026 08:33:35 Europe/Berlin] PHPMailer Debug (level 1): CLIENT -> SERVER: Subject: Login OTP - YogaMart

[05-Mar-2026 08:33:35 Europe/Berlin] PHPMailer Debug (level 1): CLIENT -> SERVER: Message-ID: <h8og1uWOJEJcdWcwRS88dUPPHTpXWoMyze5uyxn4Zk@localhost>

[05-Mar-2026 08:33:35 Europe/Berlin] PHPMailer Debug (level 1): CLIENT -> SERVER: X-Mailer: PHPMailer 6.10.0 (https://github.com/PHPMailer/PHPMailer)

[05-Mar-2026 08:33:35 Europe/Berlin] PHPMailer Debug (level 1): CLIENT -> SERVER: MIME-Version: 1.0

[05-Mar-2026 08:33:35 Europe/Berlin] PHPMailer Debug (level 1): CLIENT -> SERVER: Content-Type: multipart/alternative;

[05-Mar-2026 08:33:35 Europe/Berlin] PHPMailer Debug (level 1): CLIENT -> SERVER:  boundary="b1=_h8og1uWOJEJcdWcwRS88dUPPHTpXWoMyze5uyxn4Zk"

[05-Mar-2026 08:33:35 Europe/Berlin] PHPMailer Debug (level 1): CLIENT -> SERVER: Content-Transfer-Encoding: 8bit

[05-Mar-2026 08:33:35 Europe/Berlin] PHPMailer Debug (level 1): CLIENT -> SERVER: 

[05-Mar-2026 08:33:35 Europe/Berlin] PHPMailer Debug (level 1): CLIENT -> SERVER: --b1=_h8og1uWOJEJcdWcwRS88dUPPHTpXWoMyze5uyxn4Zk

[05-Mar-2026 08:33:35 Europe/Berlin] PHPMailer Debug (level 1): CLIENT -> SERVER: Content-Type: text/plain; charset=us-ascii

[05-Mar-2026 08:33:35 Europe/Berlin] PHPMailer Debug (level 1): CLIENT -> SERVER: 

[05-Mar-2026 08:33:35 Europe/Berlin] PHPMailer Debug (level 1): CLIENT -> SERVER: YogaMart - Your OTP is 533617. It will expire in 5 minutes.

[05-Mar-2026 08:33:35 Europe/Berlin] PHPMailer Debug (level 1): CLIENT -> SERVER: 

[05-Mar-2026 08:33:35 Europe/Berlin] PHPMailer Debug (level 1): CLIENT -> SERVER: --b1=_h8og1uWOJEJcdWcwRS88dUPPHTpXWoMyze5uyxn4Zk

[05-Mar-2026 08:33:35 Europe/Berlin] PHPMailer Debug (level 1): CLIENT -> SERVER: Content-Type: text/html; charset=us-ascii

[05-Mar-2026 08:33:35 Europe/Berlin] PHPMailer Debug (level 1): CLIENT -> SERVER: 

[05-Mar-2026 08:33:35 Europe/Berlin] PHPMailer Debug (level 1): CLIENT -> SERVER: <h2>YogaMart - OTP Verification</h2>

[05-Mar-2026 08:33:35 Europe/Berlin] PHPMailer Debug (level 1): CLIENT -> SERVER:                               <p>Your OTP is <b style='font-size: 24px; color: #4a7c59;'>533617</b></p>

[05-Mar-2026 08:33:35 Europe/Berlin] PHPMailer Debug (level 1): CLIENT -> SERVER:                               <p>This OTP will expire in 5 minutes.</p>

[05-Mar-2026 08:33:35 Europe/Berlin] PHPMailer Debug (level 1): CLIENT -> SERVER:                               <p>If you didn't request this, please ignore this email.</p>

[05-Mar-2026 08:33:35 Europe/Berlin] PHPMailer Debug (level 1): CLIENT -> SERVER:                               <br><p>Best regards,<br>YogaMart Team</p>

[05-Mar-2026 08:33:35 Europe/Berlin] PHPMailer Debug (level 1): CLIENT -> SERVER: 

[05-Mar-2026 08:33:35 Europe/Berlin] PHPMailer Debug (level 1): CLIENT -> SERVER: 

[05-Mar-2026 08:33:35 Europe/Berlin] PHPMailer Debug (level 1): CLIENT -> SERVER: --b1=_h8og1uWOJEJcdWcwRS88dUPPHTpXWoMyze5uyxn4Zk--

[05-Mar-2026 08:33:35 Europe/Berlin] PHPMailer Debug (level 1): CLIENT -> SERVER: 

[05-Mar-2026 08:33:35 Europe/Berlin] PHPMailer Debug (level 1): CLIENT -> SERVER: .

[05-Mar-2026 08:33:36 Europe/Berlin] PHPMailer Debug (level 2): SERVER -> CLIENT: 250 2.0.0 OK  1772696017 98e67ed59e1d1-359b2d6f21fsm1334050a91.16 - gsmtp

[05-Mar-2026 08:33:36 Europe/Berlin] PHPMailer Debug (level 1): CLIENT -> SERVER: QUIT

[05-Mar-2026 08:33:36 Europe/Berlin] PHPMailer Debug (level 2): SERVER -> CLIENT: 221 2.0.0 closing connection 98e67ed59e1d1-359b2d6f21fsm1334050a91.16 - gsmtp

[05-Mar-2026 08:33:36 Europe/Berlin] OTP email sent successfully to m19vishal@gmail.com with subject: Login OTP - YogaMart
[05-Mar-2026 08:33:47 Europe/Berlin] Login OTP verified for user: Array
(
    [id] => 23
    [username] => Vishal
    [email] => m19vishal@gmail.com
    [role] => admin
    [image] => 1763889724_6922d23c535c8.jpg
    [password] => $2y$10$UPlN3sqEAL7LMK.vrdD8Xu3f1HO.YvsoimUSTFQF8uC45JqoypQg.
    [created_at] => 2025-11-23 09:54:17
)

[05-Mar-2026 08:33:47 Europe/Berlin] Mapped user session data: Array
(
    [id] => 23
    [username] => Vishal
    [email] => m19vishal@gmail.com
    [role] => admin
)

[05-Mar-2026 08:33:47 Europe/Berlin] initUserSession - Setting session data: Array
(
    [user_id] => 23
    [username] => Vishal
    [email] => m19vishal@gmail.com
    [role] => admin
    [profile_picture] => 
    [login_time] => 1772696027
    [last_activity] => 1772696027
    [session_token] => 907d89eca101c52645f98e941621c8315a0b72f552d3643d0246047958f7b73a
    [is_authenticated] => 1
)

[05-Mar-2026 08:33:47 Europe/Berlin] initUserSession completed. Final session data: Array
(
    [user_id] => 23
    [username] => Vishal
    [email] => m19vishal@gmail.com
    [role] => admin
    [profile_picture] => 
    [login_time] => 1772696027
    [last_activity] => 1772696027
    [session_token] => 907d89eca101c52645f98e941621c8315a0b72f552d3643d0246047958f7b73a
    [is_authenticated] => 1
)

[05-Mar-2026 08:33:47 Europe/Berlin] Session after initUserSession: Array
(
    [user_id] => 23
    [username] => Vishal
    [email] => m19vishal@gmail.com
    [role] => admin
    [profile_picture] => 
    [login_time] => 1772696027
    [last_activity] => 1772696027
    [session_token] => 907d89eca101c52645f98e941621c8315a0b72f552d3643d0246047958f7b73a
    [is_authenticated] => 1
)

[05-Mar-2026 08:33:50 Europe/Berlin] isLoggedIn: User is authenticated - user_id: 23
[05-Mar-2026 08:33:50 Europe/Berlin] isLoggedIn: User is authenticated - user_id: 23
[05-Mar-2026 08:33:50 Europe/Berlin] isLoggedIn: User is authenticated - user_id: 23
[05-Mar-2026 08:33:50 Europe/Berlin] isLoggedIn: User is authenticated - user_id: 23
[05-Mar-2026 08:33:50 Europe/Berlin] isLoggedIn: User is authenticated - user_id: 23
[05-Mar-2026 08:34:00 Europe/Berlin] isLoggedIn: User is authenticated - user_id: 23
[05-Mar-2026 08:34:00 Europe/Berlin] isLoggedIn: User is authenticated - user_id: 23
[05-Mar-2026 08:34:00 Europe/Berlin] isLoggedIn: User is authenticated - user_id: 23
[05-Mar-2026 08:36:05 Europe/Berlin] isLoggedIn: User is authenticated - user_id: 23
[05-Mar-2026 08:36:05 Europe/Berlin] isLoggedIn: User is authenticated - user_id: 23
[05-Mar-2026 08:36:05 Europe/Berlin] isLoggedIn: User is authenticated - user_id: 23
[05-Mar-2026 08:36:05 Europe/Berlin] isLoggedIn: User is authenticated - user_id: 23
[05-Mar-2026 08:36:05 Europe/Berlin] isLoggedIn: User is authenticated - user_id: 23
[05-Mar-2026 08:36:50 Europe/Berlin] isLoggedIn: User is authenticated - user_id: 23
[05-Mar-2026 08:36:50 Europe/Berlin] isLoggedIn: User is authenticated - user_id: 23
[05-Mar-2026 08:36:50 Europe/Berlin] isLoggedIn: User is authenticated - user_id: 23
[05-Mar-2026 08:36:50 Europe/Berlin] isLoggedIn: User is authenticated - user_id: 23
[05-Mar-2026 08:36:50 Europe/Berlin] isLoggedIn: User is authenticated - user_id: 23
[05-Mar-2026 08:36:53 Europe/Berlin] isLoggedIn: User is authenticated - user_id: 23
[05-Mar-2026 08:36:53 Europe/Berlin] isLoggedIn: User is authenticated - user_id: 23
[05-Mar-2026 08:37:09 Europe/Berlin] isLoggedIn: User is authenticated - user_id: 23
[05-Mar-2026 08:37:09 Europe/Berlin] isLoggedIn: User is authenticated - user_id: 23
[05-Mar-2026 08:37:09 Europe/Berlin] isLoggedIn: User is authenticated - user_id: 23
[05-Mar-2026 08:37:09 Europe/Berlin] isLoggedIn: User is authenticated - user_id: 23
[05-Mar-2026 08:37:09 Europe/Berlin] isLoggedIn: User is authenticated - user_id: 23
[05-Mar-2026 08:37:21 Europe/Berlin] isLoggedIn: User is authenticated - user_id: 23
[05-Mar-2026 08:37:22 Europe/Berlin] isLoggedIn: User is authenticated - user_id: 23
[05-Mar-2026 08:37:22 Europe/Berlin] isLoggedIn: User is authenticated - user_id: 23
[05-Mar-2026 08:37:22 Europe/Berlin] isLoggedIn: User is authenticated - user_id: 23
[05-Mar-2026 08:37:22 Europe/Berlin] isLoggedIn: User is authenticated - user_id: 23
[05-Mar-2026 08:37:27 Europe/Berlin] isLoggedIn: User is authenticated - user_id: 23
[05-Mar-2026 08:37:30 Europe/Berlin] isLoggedIn: User is authenticated - user_id: 23
[05-Mar-2026 08:37:30 Europe/Berlin] isLoggedIn: User is authenticated - user_id: 23
[05-Mar-2026 08:37:30 Europe/Berlin] isLoggedIn: User is authenticated - user_id: 23
[05-Mar-2026 08:37:30 Europe/Berlin] isLoggedIn: User is authenticated - user_id: 23
[05-Mar-2026 08:37:35 Europe/Berlin] isLoggedIn: User is authenticated - user_id: 23
[05-Mar-2026 08:37:35 Europe/Berlin] isLoggedIn: User is authenticated - user_id: 23
[05-Mar-2026 08:37:35 Europe/Berlin] isLoggedIn: User is authenticated - user_id: 23
[05-Mar-2026 08:37:35 Europe/Berlin] isLoggedIn: User is authenticated - user_id: 23
[05-Mar-2026 08:40:01 Europe/Berlin] isLoggedIn: User is authenticated - user_id: 23
[05-Mar-2026 08:40:01 Europe/Berlin] isLoggedIn: User is authenticated - user_id: 23
[05-Mar-2026 08:40:01 Europe/Berlin] isLoggedIn: User is authenticated - user_id: 23
[05-Mar-2026 08:40:01 Europe/Berlin] isLoggedIn: User is authenticated - user_id: 23
[05-Mar-2026 08:40:05 Europe/Berlin] isLoggedIn: User is authenticated - user_id: 23
[05-Mar-2026 08:40:05 Europe/Berlin] isLoggedIn: User is authenticated - user_id: 23
[05-Mar-2026 08:40:05 Europe/Berlin] isLoggedIn: User is authenticated - user_id: 23
[05-Mar-2026 08:40:05 Europe/Berlin] isLoggedIn: User is authenticated - user_id: 23
[05-Mar-2026 08:41:56 Europe/Berlin] isLoggedIn: User is authenticated - user_id: 23
[05-Mar-2026 08:41:56 Europe/Berlin] isLoggedIn: User is authenticated - user_id: 23
[05-Mar-2026 08:41:56 Europe/Berlin] isLoggedIn: User is authenticated - user_id: 23
[05-Mar-2026 08:41:56 Europe/Berlin] isLoggedIn: User is authenticated - user_id: 23
[05-Mar-2026 08:43:22 Europe/Berlin] isLoggedIn: User is authenticated - user_id: 23
[05-Mar-2026 08:43:22 Europe/Berlin] isLoggedIn: User is authenticated - user_id: 23
[05-Mar-2026 08:43:22 Europe/Berlin] isLoggedIn: User is authenticated - user_id: 23
[05-Mar-2026 08:43:22 Europe/Berlin] isLoggedIn: User is authenticated - user_id: 23
[05-Mar-2026 08:43:24 Europe/Berlin] isLoggedIn: User is authenticated - user_id: 23
[05-Mar-2026 08:43:24 Europe/Berlin] isLoggedIn: User is authenticated - user_id: 23
[05-Mar-2026 08:43:24 Europe/Berlin] isLoggedIn: User is authenticated - user_id: 23
[05-Mar-2026 08:43:24 Europe/Berlin] isLoggedIn: User is authenticated - user_id: 23
[05-Mar-2026 08:43:24 Europe/Berlin] isLoggedIn: User is authenticated - user_id: 23
[05-Mar-2026 08:43:24 Europe/Berlin] isLoggedIn: User is authenticated - user_id: 23
[05-Mar-2026 08:43:24 Europe/Berlin] isLoggedIn: User is authenticated - user_id: 23
[05-Mar-2026 08:43:24 Europe/Berlin] isLoggedIn: User is authenticated - user_id: 23
[05-Mar-2026 08:43:31 Europe/Berlin] isLoggedIn: User is authenticated - user_id: 23
[05-Mar-2026 08:43:31 Europe/Berlin] isLoggedIn: User is authenticated - user_id: 23
[05-Mar-2026 08:43:31 Europe/Berlin] isLoggedIn: User is authenticated - user_id: 23
[05-Mar-2026 08:43:31 Europe/Berlin] isLoggedIn: User is authenticated - user_id: 23
[05-Mar-2026 08:43:31 Europe/Berlin] isLoggedIn: User is authenticated - user_id: 23
[05-Mar-2026 08:43:31 Europe/Berlin] isLoggedIn: User is authenticated - user_id: 23
[05-Mar-2026 08:43:31 Europe/Berlin] isLoggedIn: User is authenticated - user_id: 23
[05-Mar-2026 08:43:31 Europe/Berlin] isLoggedIn: User is authenticated - user_id: 23
[05-Mar-2026 08:45:08 Europe/Berlin] isLoggedIn: User is authenticated - user_id: 23
[05-Mar-2026 08:45:08 Europe/Berlin] isLoggedIn: User is authenticated - user_id: 23
[05-Mar-2026 08:45:08 Europe/Berlin] isLoggedIn: User is authenticated - user_id: 23
[05-Mar-2026 08:45:08 Europe/Berlin] isLoggedIn: User is authenticated - user_id: 23
[05-Mar-2026 08:45:10 Europe/Berlin] isLoggedIn: User is authenticated - user_id: 23
[05-Mar-2026 08:45:10 Europe/Berlin] isLoggedIn: User is authenticated - user_id: 23
[05-Mar-2026 08:45:10 Europe/Berlin] isLoggedIn: User is authenticated - user_id: 23
[05-Mar-2026 08:45:10 Europe/Berlin] isLoggedIn: User is authenticated - user_id: 23
[05-Mar-2026 08:45:11 Europe/Berlin] isLoggedIn: User is authenticated - user_id: 23
[05-Mar-2026 08:45:11 Europe/Berlin] isLoggedIn: User is authenticated - user_id: 23
[05-Mar-2026 08:45:12 Europe/Berlin] isLoggedIn: User is authenticated - user_id: 23
[05-Mar-2026 08:45:12 Europe/Berlin] isLoggedIn: User is authenticated - user_id: 23
